Category 1;Category 2;Category 3
Arts, Crafts & Sewing;Beading & Jewelry Making;Bead Looms
Arts, Crafts & Sewing;Beading & Jewelry Making;Beading Cords & Threads
Arts, Crafts & Sewing;Beading & Jewelry Making;Beading Kits
Arts, Crafts & Sewing;Beading & Jewelry Making;Beading Mats, Trays & Boards
Arts, Crafts & Sewing;Beading & Jewelry Making;Beading Needles
Arts, Crafts & Sewing;Beading & Jewelry Making;Jewelry Hammers
Arts, Crafts & Sewing;Crafting;Craft Sticks
Arts, Crafts & Sewing;Crafting;Cut Fibers
Arts, Crafts & Sewing;Crafting;Cutting Tools
Arts, Crafts & Sewing;Crafting;Spinning Wheels
Arts, Crafts & Sewing;Crafting;Weaving Loom Tools & Accessories
Arts, Crafts & Sewing;Crafting;Weaving Looms
Arts, Crafts & Sewing;Crafting;Wool Roving
Arts, Crafts & Sewing;Crafting;Unfinished Wood
Arts, Crafts & Sewing;Organization, Storage & Transport;Scrapbooking Storage
Arts, Crafts & Sewing;Organization, Storage & Transport;Sewing Storage
Arts, Crafts & Sewing;Organization, Storage & Transport;Stamp & Ink Pad Storage
Arts, Crafts & Sewing;Organization, Storage & Transport;Yarn Storage
Arts, Crafts & Sewing;Painting, Drawing & Art Supplies;Drawing Paper
Arts, Crafts & Sewing;Painting, Drawing & Art Supplies;Easel Pads
Arts, Crafts & Sewing;Painting, Drawing & Art Supplies;Mixed Media Paper
Arts, Crafts & Sewing;Painting, Drawing & Art Supplies;Mylar & Acetate
Arts, Crafts & Sewing;Painting, Drawing & Art Supplies;Newsprint Paper
Arts, Crafts & Sewing;Painting, Drawing & Art Supplies;Palette Paper
Arts, Crafts & Sewing;Printmaking;Linoleum Cutters
Arts, Crafts & Sewing;Printmaking;Printing Linoleum
Arts, Crafts & Sewing;Printmaking;Screen Printing Kits
Arts, Crafts & Sewing;Printmaking;Squeegees
Arts, Crafts & Sewing;Scrapbooking & Stamping;Glue Guns & Sticks
Arts, Crafts & Sewing;Scrapbooking & Stamping;Glues & Pastes
Arts, Crafts & Sewing;Scrapbooking & Stamping;Photo Mounting Corners
Arts, Crafts & Sewing;Scrapbooking & Stamping;Tape
Arts, Crafts & Sewing;Sewing;Industrial Sewing Machines
Arts, Crafts & Sewing;Sewing;Braids & Cords
Arts, Crafts & Sewing;Sewing;Fabric Stud & Gem Setters
Arts, Crafts & Sewing;Sewing;Fringe Trim
Arts, Crafts & Sewing;Sewing;Iron-on Transfers
Automotive;Car Care;Vacuums
Automotive;Car Care;Tire Care
Automotive;Car Care;Wheel Care
Automotive;Car Care;Air Dryers, Blowers & Blades
Automotive;Car Care;Brushes & Dusters
Automotive;Car Care;Cloths
Automotive;Car Care;Detailing Tools
Automotive;Car Electronics & Accessories;GPS Trackers
Automotive;Car Electronics & Accessories;In-Dash Mounting Kits
Automotive;Car Electronics & Accessories;Installation Accessories & Harnesses
Automotive;Car Electronics & Accessories;Radar Detectors
Automotive;Car Electronics & Accessories;Two-Way Radios
Automotive;Exterior Accessories;Bumper Guards
Automotive;Exterior Accessories;Bumpers
Automotive;Exterior Accessories;Bike Carriers & Racks
Automotive;Exterior Accessories;Boat Carriers & Racks
Automotive;Exterior Accessories;Brackets
Automotive;Exterior Accessories;Cargo Bars
Automotive;Exterior Accessories;Cargo Carriers
Automotive;Exterior Accessories;Cargo Racks
Automotive;Lights & Lighting Accessories;HID Kits
Automotive;Lights & Lighting Accessories;Hitch Lights
Automotive;Lights & Lighting Accessories;Trailer Lights
Automotive;Lights & Lighting Accessories;Emergency Strobe Lights
Automotive;Lights & Lighting Accessories;Warning Lights
Automotive;Motorcycle & Powersports;Battery Chargers
Automotive;Motorcycle & Powersports;Decals, Magnets & Stickers
Automotive;Motorcycle & Powersports;Electronics
Automotive;Motorcycle & Powersports;Gun Racks & Clamps
Automotive;Motorcycle & Powersports;Handlebar Accessories
Automotive;Oils & Fluids;Paints & Primers
Automotive;Oils & Fluids;Brake Cleaners
Automotive;Oils & Fluids;Carburetor & Throttle Body Cleaners
Automotive;Oils & Fluids;Electrical Cleaners
Automotive;Performance Parts & Accessories;Sway Bars & Parts
Automotive;Performance Parts & Accessories;Tie Rod Ends & Parts
Automotive;Performance Parts & Accessories;Alternators & Generators
Automotive;Replacement Parts;Wiper Motor Transmission & Linkage Assemblies
Automotive;Replacement Parts;Wipers
Automotive;RV Parts & Accessories;C & Ventilation
Automotive;RV Parts & Accessories;Awning Hooks
Automotive;Tires & Wheels;Tire & Wheels Tools
Automotive;Tires & Wheels;Tire Chucks
Automotive;Tires & Wheels;Tire Covers
Automotive;Tires & Wheels;Tire Pressure Monitoring Systems (TPMS)
Automotive;Tires & Wheels;Valve Stems & Caps
Automotive;Tires & Wheels;Wheel Accessories & Parts
Automotive;Tires & Wheels;ATV & UTV
Automotive;Tires & Wheels;Golf Cart
Automotive;Tires & Wheels;Trailer
Automotive;Tires & Wheels;Agricultural Tractor & Farm Equipment
Automotive;Tools & Equipment;Wheel Alignment & Balancing Tools
Automotive;Tools & Equipment;Wheel Chocks
Automotive;Tools & Equipment;Protective Equipment
Automotive;Tools & Equipment;Welding Equipment & Accessories
Automotive;Tools & Equipment;Welding Systems
Baby Products;Activity & Entertainment;Bouncers
Baby Products;Activity & Entertainment;Jumpers
Baby Products;Baby Care;Training Toothpaste
Baby Products;Baby Care;Pacifier Accessories
Baby Products;Baby Care;Pacifiers
Baby Products;Baby Care;Teethers
Baby Products;Baby Care;Teething Relief
Baby Products;Car Seats & Accessories;Adapters
Baby Products;Car Seats & Accessories;Infant
Baby Products;Car Seats & Accessories;Travel Systems
Baby Products;Diapering;Inserts & Liners
Baby Products;Diapering;Laundry Detergent
Baby Products;Diapering;Pins & Fasteners
Baby Products;Feeding;Dishes
Baby Products;Feeding;Lunch Bags
Baby Products;Feeding;Place Mats
Baby Products;Feeding;Utensils
Baby Products;Gifts;Albums
Baby Products;Gifts;Frames
Baby Products;Gifts;Journals
Baby Products;Gifts;Christening
Baby Products;Gifts;Hand & Footprint Makers
Baby Products;Gifts;Keepsake Boxes & Tins
Baby Products;Gifts;Keepsake Frames
Baby Products;Gifts;Keepsake Rattles
Baby Products;Gifts;Silver Baby Spoons
Baby Products;Nursery;Baby Bedding
Baby Products;Nursery;Mattresses
Baby Products;Nursery;Toddler Bedding
Baby Products;Nursery;Baskets & Liners
Baby Products;Nursery;Clocks
Baby Products;Strollers & Accessories;Special Needs
Baby Products;Strollers & Accessories;Standard
Beauty & Personal Care;Foot, Hand & Nail Care;Foot Pumices
Beauty & Personal Care;Foot, Hand & Nail Care;Nail Art Equipment
Beauty & Personal Care;Foot, Hand & Nail Care;Nail Tools
Beauty & Personal Care;Foot, Hand & Nail Care;Spa Slippers
Beauty & Personal Care;Foot, Hand & Nail Care;Toe Separators
Beauty & Personal Care;Fragrance;Body Sprays
Beauty & Personal Care;Fragrance;Cologne
Beauty & Personal Care;Fragrance;Eau de Parfum
Beauty & Personal Care;Fragrance;Eau de Toilette
Beauty & Personal Care;Hair Care;Gels
Beauty & Personal Care;Hair Care;Hot-Air Brushes
Beauty & Personal Care;Hair Care;Irons
Beauty & Personal Care;Hair Care;Thermal Styling Gloves
Beauty & Personal Care;Makeup;Body Glitter
Beauty & Personal Care;Makeup;Body Paint
Beauty & Personal Care;Makeup;Bronzers
Beauty & Personal Care;Makeup;Concealer
Beauty & Personal Care;Oral Care;LED Accelerator Lights
Beauty & Personal Care;Oral Care;Strips
Beauty & Personal Care;Oral Care;Whitening Kits
Beauty & Personal Care;Oral Care;Manual Toothbrushes
Beauty & Personal Care;Oral Care;Powered Toothbrushes & Accessories
Beauty & Personal Care;Oral Care;Toothbrush Travel Containers
Beauty & Personal Care;Personal Care;Bathing Accessories
Beauty & Personal Care;Personal Care;Antiperspirants
Beauty & Personal Care;Personal Care;Combination Deodorants & Antiperspirants
Beauty & Personal Care;Personal Care;Deodorants
Beauty & Personal Care;Personal Care;Extensions, Wigs & Accessories
Beauty & Personal Care;Shave & Hair Removal;Depilatories
Beauty & Personal Care;Shave & Hair Removal;Electric Shavers
Beauty & Personal Care;Shave & Hair Removal;Epilators, Groomers & Trimmers
Beauty & Personal Care;Shave & Hair Removal;Laser, Light & Electrolysis Hair Removal
Beauty & Personal Care;Shave & Hair Removal;Razors & Blades
Beauty & Personal Care;Shave & Hair Removal;Shaving & Grooming Sets
Beauty & Personal Care;Shave & Hair Removal;Waxing
Beauty & Personal Care;Skin Care;Breast Enhancement Creams
Beauty & Personal Care;Skin Care;Cleansers
Beauty & Personal Care;Skin Care;Moisturizers
Beauty & Personal Care;Skin Care;Scrubs & Body Treatments
Beauty & Personal Care;Skin Care;Sets & Kits
Beauty & Personal Care;Tools & Accessories;Mirrors
Beauty & Personal Care;Tools & Accessories;Skin Toning Devices
Beauty & Personal Care;Tools & Accessories;Tweezers
Beauty & Personal Care;Tools & Accessories;Wrinkle & Anti-Aging Devices
Cell Phones & Accessories;Accessories;Chargers
Cell Phones & Accessories;Accessories;Cradles
Cell Phones & Accessories;Accessories;Kits
Cell Phones & Accessories;Accessories;Pads & Mats
Clothing, Shoes & Jewelry;Boys;Pants
Clothing, Shoes & Jewelry;Boys;Shorts
Clothing, Shoes & Jewelry;Boys;Sleepwear & Robes
Clothing, Shoes & Jewelry;Boys;Socks
Clothing, Shoes & Jewelry;Boys;Suits & Sport Coats
Clothing, Shoes & Jewelry;Boys;Sweaters
Clothing, Shoes & Jewelry;Boys;Swim
Clothing, Shoes & Jewelry;Boys;Tops, Tees & Shirts
Clothing, Shoes & Jewelry;Boys;Underwear
Clothing, Shoes & Jewelry;Costumes & Accessories;Wands
Clothing, Shoes & Jewelry;Costumes & Accessories;Weapons & Armor
Clothing, Shoes & Jewelry;Costumes & Accessories;Costumes & Cosplay Apparel
Clothing, Shoes & Jewelry;Costumes & Accessories;Footwear
Clothing, Shoes & Jewelry;Costumes & Accessories;Masks
Clothing, Shoes & Jewelry;Costumes & Accessories;Wigs
Clothing, Shoes & Jewelry;Girls;Belts
Clothing, Shoes & Jewelry;Girls;Cold Weather
Clothing, Shoes & Jewelry;Girls;Fashion Scarves
Clothing, Shoes & Jewelry;Girls;First Communion Veils
Clothing, Shoes & Jewelry;Girls;Hats & Caps
Clothing, Shoes & Jewelry;Girls;Special Occasion Gloves
Clothing, Shoes & Jewelry;Girls;Sunglasses
Clothing, Shoes & Jewelry;Girls;Active
Clothing, Shoes & Jewelry;Shoe, Jewelry & Watch Accessories;Cleaning & Care
Clothing, Shoes & Jewelry;Shoe, Jewelry & Watch Accessories;Jewelry Boxes & Organizers
Clothing, Shoes & Jewelry;Shoe, Jewelry & Watch Accessories;Loose Gemstones
Clothing, Shoes & Jewelry;Shoe, Jewelry & Watch Accessories;Dyes
Clothing, Shoes & Jewelry;Shoe, Jewelry & Watch Accessories;Shoelaces
Clothing, Shoes & Jewelry;Shoe, Jewelry & Watch Accessories;Batteries
Clothing, Shoes & Jewelry;Shoe, Jewelry & Watch Accessories;Cabinets & Cases
Clothing, Shoes & Jewelry;Shoe, Jewelry & Watch Accessories;Pocket Watch Chains
Clothing, Shoes & Jewelry;Shoe, Jewelry & Watch Accessories;Repair Tools & Kits
Clothing, Shoes & Jewelry;Traditional & Cultural Wear;Dresses
Clothing, Shoes & Jewelry;Traditional & Cultural Wear;Serapes & Ponchos
Clothing, Shoes & Jewelry;Traditional & Cultural Wear;Skirt Sets
Clothing, Shoes & Jewelry;Traditional & Cultural Wear;Women's Tops & Blouses
Clothing, Shoes & Jewelry;Traditional & Cultural Wear;Boys
Clothing, Shoes & Jewelry;Traditional & Cultural Wear;Girls
Clothing, Shoes & Jewelry;Traditional & Cultural Wear;Men
Clothing, Shoes & Jewelry;Traditional & Cultural Wear;Women
Clothing, Shoes & Jewelry;Uniforms, Work & Safety;Civil Service
Clothing, Shoes & Jewelry;Uniforms, Work & Safety;Food Service
Clothing, Shoes & Jewelry;Uniforms, Work & Safety;Graduation Apparel & Accessories
Clothing, Shoes & Jewelry;Uniforms, Work & Safety;Medical
Clothing, Shoes & Jewelry;Women;Pocket Watches
Clothing, Shoes & Jewelry;Women;Watch Bands
Clothing, Shoes & Jewelry;Women;Wrist Watches
Collectibles & Fine Art;Entertainment;Animation Cels
Collectibles & Fine Art;Entertainment;Concept Art & Storyboards
Collectibles & Fine Art;Entertainment;Production Art
Collectibles & Fine Art;Fine Art;Fresco Paintings
Collectibles & Fine Art;Fine Art;Gouache Paintings
Collectibles & Fine Art;Fine Art;Ink Wash Paintings
Collectibles & Fine Art;Fine Art;Oil Paintings
Collectibles & Fine Art;Fine Art;Spray Paint Paintings
Collectibles & Fine Art;Sports;Sets
Collectibles & Fine Art;Sports;Single Cards
Handmade Products;Beauty & Grooming;Storage & Organization
Handmade Products;Beauty & Grooming;Styling Tools
Handmade Products;Clothing, Shoes & Accessories;Clothing
Handmade Products;Clothing, Shoes & Accessories;Shoes
Handmade Products;Electronics Accessories;Cases
Handmade Products;Electronics Accessories;Skins & Decals
Handmade Products;Electronics Accessories;Sleeves
Handmade Products;Electronics Accessories;Stands
Handmade Products;Health & Personal Care;Cane Wrist Straps
Handmade Products;Health & Personal Care;Canes
Handmade Products;Health & Personal Care;Crutch Handgrips
Handmade Products;Pet Supplies;Grooming Supplies
Handmade Products;Pet Supplies;Houses & Habitats
Handmade Products;Pet Supplies;Memorials & Urns
Handmade Products;Pet Supplies;Toys
Handmade Products;Pet Supplies;Treats
Handmade Products;Sports & Outdoors;Axes
Handmade Products;Sports & Outdoors;Fire Starters
Handmade Products;Sports & Outdoors;Flasks
Handmade Products;Sports & Outdoors;Hammers
Handmade Products;Sports & Outdoors;Knives
Handmade Products;Sports & Outdoors;Lighters
Handmade Products;Stationery & Party Supplies;Labels
Handmade Products;Stationery & Party Supplies;Notecards & Greeting Cards
Handmade Products;Stationery & Party Supplies;Paper
Handmade Products;Stationery & Party Supplies;Stamps
Handmade Products;Stationery & Party Supplies;Stickers
Handmade Products;Stationery & Party Supplies;Wall Calendars
Handmade Products;Toys & Games;Bath Toys
Handmade Products;Toys & Games;Bricks & Blocks
Handmade Products;Toys & Games;Building & Stacking Toys
Handmade Products;Toys & Games;Crib & Stroller Toys
Handmade Products;Toys & Games;Hammering & Pounding Toys
Handmade Products;Toys & Games;Indoor Climbers & Play Structures
Health & Household;Health Care;Prenatal Vitamins
Health & Household;Health Care;Yeast Infection Treatments
Health & Household;Household Supplies;Electric
Health & Household;Household Supplies;Spray
Health & Household;Household Supplies;Cleaning Cloths
Health & Household;Household Supplies;Dusting
Health & Household;Household Supplies;Gloves
Health & Household;Household Supplies;Mopping
Health & Household;Medical Supplies & Equipment;Sensory Motor Aids
Health & Household;Medical Supplies & Equipment;Speech & Communication Aids
Health & Household;Medical Supplies & Equipment;Traction Equipment
Health & Household;Oral Care;Dental Care Kits
Health & Household;Oral Care;Electric Toothbrushes
Health & Household;Oral Care;Mouthwashes
Health & Household;Oral Care;Toothpaste
Health & Household;Personal Care;Tattoo Supplies
Health & Household;Personal Care;Men's
Health & Household;Personal Care;Women's
Health & Household;Personal Care;Body
Health & Household;Sexual Wellness;Gags & Muzzles
Health & Household;Sexual Wellness;Kits & Sets
Health & Household;Sports Nutrition;Ready to Drink
Health & Household;Stationery & Gift Wrapping Supplies;Enclosure Cards
Health & Household;Stationery & Gift Wrapping Supplies;Gift Bags
Health & Household;Stationery & Gift Wrapping Supplies;Gift Boxes
Health & Household;Stationery & Gift Wrapping Supplies;Gift Wrap Bows
Health & Household;Stationery & Gift Wrapping Supplies;Gift Wrap Cellophane
Health & Household;Vitamins & Dietary Supplements;Food Bars
Health & Household;Vitamins & Dietary Supplements;Ready to Drink Shakes
Health & Household;Vitamins & Dietary Supplements;Snacks
Health & Household;Vitamins & Dietary Supplements;Supplements
Health & Household;Wellness & Relaxation;Acupuncture
Health & Household;Wellness & Relaxation;Aromatherapy
Health & Household;Wellness & Relaxation;Ayurveda
Health & Household;Wellness & Relaxation;Flower Essences
Health & Household;Wellness & Relaxation;Healing Crystals
Health & Household;Wellness & Relaxation;Light Therapy
Health & Household;Wellness & Relaxation;Magnetic Field Therapy
Health & Household;Wellness & Relaxation;Oxygen Therapy
Health & Household;Wellness & Relaxation;Single Homeopathic Remedies
Home & Kitchen;Bath;Fingertip Towels
Home & Kitchen;Bath;Hand Towels
Home & Kitchen;Bath;Towel Sets
Home & Kitchen;Bath;Washcloths
Home & Kitchen;Bedding;Pumps
Home & Kitchen;Bedding;Bed Pillows
Home & Kitchen;Bedding;Body Pillows
Home & Kitchen;Bedding;Leg Positioner Pillows
Home & Kitchen;Bedding;Lumbar Pillows
Home & Kitchen;Event & Party Supplies;Place Cards
Home & Kitchen;Furniture;Display & Curio Cabinets
Home & Kitchen;Furniture;End Tables
Home & Kitchen;Furniture;Ladder Shelves
Home & Kitchen;Furniture;Nesting Tables
Home & Kitchen;Furniture;Ottomans
Home & Kitchen;Furniture;Poufs
Home & Kitchen;Heating, Cooling & Air Quality;Natural Gas Space Heaters
Home & Kitchen;Heating, Cooling & Air Quality;Propane Space Heaters
Home & Kitchen;Heating, Cooling & Air Quality;Fireplaces
Home & Kitchen;Heating, Cooling & Air Quality;Stoves
Home & Kitchen;Home Décor;Area Rug Sets
Home & Kitchen;Home Décor;Area Rugs
Home & Kitchen;Home Décor;Rug Pads
Home & Kitchen;Home Décor;Runners
Home & Kitchen;Home Décor;Artificial Flowers
Home & Kitchen;Home Décor;Artificial Fruit
Home & Kitchen;Kids' Home Store;Sleeping Bags
Home & Kitchen;Kids' Home Store;Armoires & Dressers
Home & Kitchen;Kids' Home Store;Bed Frames, Headboards & Footboards
Home & Kitchen;Kids' Home Store;Bedroom Sets
Home & Kitchen;Kids' Home Store;Bookcases, Cabinets & Shelves
Home & Kitchen;Kids' Home Store;Chairs & Seats
Home & Kitchen;Kitchen & Dining;Wine Glasses
Home & Kitchen;Kitchen & Dining;Wine Racks & Cabinets
Home & Kitchen;Kitchen & Dining;Wine Stoppers & Pourers
Home & Kitchen;Lighting & Ceiling Fans;Ceiling Fan Light Kits
Home & Kitchen;Lighting & Ceiling Fans;Ceiling Fans
Home & Kitchen;Lighting & Ceiling Fans;Billiard & Pool Table Lights
Home & Kitchen;Lighting & Ceiling Fans;Chandeliers
Home & Kitchen;Lighting & Ceiling Fans;Close To Ceiling Lights
Home & Kitchen;Lighting & Ceiling Fans;Island Lights
Home & Kitchen;Vacuums & Floor Care;Carpet & Upholstery Cleaner Replacement Parts
Home & Kitchen;Vacuums & Floor Care;Carpet Cleaning Chemicals
Home & Kitchen;Vacuums & Floor Care;Carpet Cleaning Machine Accessories
Home & Kitchen;Vacuums & Floor Care;Carpet Cleaning Machines
Home & Kitchen;Vacuums & Floor Care;Handheld Steamers
Pet Supplies;Birds;Nests
Pet Supplies;Birds;Perches
Pet Supplies;Birds;Seed Guards & Catchers
Pet Supplies;Birds;Swings
Pet Supplies;Birds;Feeders
Pet Supplies;Birds;Hand-Feeding Tools
Pet Supplies;Birds;Water Bottles
Pet Supplies;Cats;Bed Blankets
Pet Supplies;Cats;Bed Liners
Pet Supplies;Cats;Bed Mats
Pet Supplies;Cats;Beds & Sofas
Pet Supplies;Cats;Cat Trees & Condos
Pet Supplies;Cats;Hammocks
Pet Supplies;Cats;Scratcher Accessories & Parts
Pet Supplies;Cats;Scratching Pads
Pet Supplies;Dogs;Flea Shampoos
Pet Supplies;Dogs;Tick Remover Tools
Pet Supplies;Dogs;Dehydrated & Freeze-Dried
Pet Supplies;Dogs;Dry
Pet Supplies;Dogs;Food Toppers
Pet Supplies;Dogs;Frozen
Pet Supplies;Dogs;Wet
Pet Supplies;Dogs;Brushes
Pet Supplies;Fish & Aquatic Pets;Backgrounds
Pet Supplies;Fish & Aquatic Pets;Coral Ornaments
Pet Supplies;Fish & Aquatic Pets;Decorative Marbles
Pet Supplies;Fish & Aquatic Pets;Decorative Rocks
Pet Supplies;Fish & Aquatic Pets;Live Plants
Pet Supplies;Fish & Aquatic Pets;Ornaments
Pet Supplies;Fish & Aquatic Pets;Plastic Plants
Pet Supplies;Horses;Balls
Pet Supplies;Horses;Chew Toys
Pet Supplies;Reptiles & Amphibians;Hideouts
Pet Supplies;Reptiles & Amphibians;Plants
Pet Supplies;Reptiles & Amphibians;Rocks
Pet Supplies;Reptiles & Amphibians;Trees
Pet Supplies;Reptiles & Amphibians;Heat Mats
Pet Supplies;Small Animals;Collars
Pet Supplies;Small Animals;Harnesses
Pet Supplies;Small Animals;Leashes
Sports & Outdoors;Fan Shop;Air Fresheners
Sports & Outdoors;Fan Shop;Antenna Toppers
Sports & Outdoors;Fan Shop;Car Covers
Sports & Outdoors;Fan Shop;Car Flags
Sports & Outdoors;Outdoor Recreation;Gear Repair Equipment
Sports & Outdoors;Outdoor Recreation;Hydration Packs
Sports & Outdoors;Outdoor Recreation;Inflation Devices & Accessories
Sports & Outdoors;Sports & Fitness;Sports Water Bottle Accessories
Tools & Home Improvement;Appliances;Portable Washers
Tools & Home Improvement;Appliances;Stacked Washer & Dryer Units
Tools & Home Improvement;Appliances;Washers
Tools & Home Improvement;Appliances;Built-In Wine Cellars
Tools & Home Improvement;Appliances;Freestanding Wine Cellars
Tools & Home Improvement;Appliances;Wine Cellar Cooling Systems
Tools & Home Improvement;Building Supplies;Built-in Cabinetry
Tools & Home Improvement;Building Supplies;Decking & Fencing
Tools & Home Improvement;Building Supplies;Doors
Tools & Home Improvement;Hardware;Locks & Latches
Tools & Home Improvement;Hardware;Screens
Tools & Home Improvement;Hardware;Shutter Hardware
Tools & Home Improvement;Hardware;Window Insulation Kits
Tools & Home Improvement;Hardware;Window-Dressing Hardware
Tools & Home Improvement;Kitchen & Bath Fixtures;Bathroom Fixture Accessories
Tools & Home Improvement;Kitchen & Bath Fixtures;Bathroom Furniture Sets
Tools & Home Improvement;Kitchen & Bath Fixtures;Bathroom Hardware & Installation
Tools & Home Improvement;Kitchen & Bath Fixtures;Bathroom Sink & Bathtub Accessories
Tools & Home Improvement;Power & Hand Tools;Tool Belts
Tools & Home Improvement;Power & Hand Tools;Tool Boxes
Tools & Home Improvement;Power & Hand Tools;Tool Chests & Cabinets
Tools & Home Improvement;Power & Hand Tools;Tool Holsters
Tools & Home Improvement;Power & Hand Tools;Tool Pouches
Tools & Home Improvement;Power & Hand Tools;Tool Trays
Tools & Home Improvement;Rough Plumbing;Air Powered Drain Clearing Tools
Tools & Home Improvement;Rough Plumbing;Drain Augers
Tools & Home Improvement;Rough Plumbing;Plungers
Tools & Home Improvement;Rough Plumbing;Aerators
Tools & Home Improvement;Rough Plumbing;Cartridges
Tools & Home Improvement;Safety & Security;Hand & Arm Protection
Tools & Home Improvement;Safety & Security;Head Protection
Tools & Home Improvement;Safety & Security;Hearing Protection
Tools & Home Improvement;Safety & Security;Masks & Respirators
Tools & Home Improvement;Safety & Security;Protective Workwear
Tools & Home Improvement;Safety & Security;Safety Footwear
Tools & Home Improvement;Safety & Security;Cabinet Safes
Tools & Home Improvement;Safety & Security;Diversion Safes
Tools & Home Improvement;Storage & Home Organization;Tool Aprons
Tools & Home Improvement;Storage & Home Organization;Tool Bags
Tools & Home Improvement;Welding & Soldering;Brazing Torches
Tools & Home Improvement;Welding & Soldering;Fume & Smoke Extraction
Tools & Home Improvement;Welding & Soldering;Heat Guns
Tools & Home Improvement;Welding & Soldering;Parts & Accessories
Tools & Home Improvement;Welding & Soldering;Solder & Flux
Toys & Games;Collectible Toys;Bobbleheads
Toys & Games;Collectible Toys;Busts
Toys & Games;Collectible Toys;Statues
Toys & Games;Collectible Toys;Stickers & Sticker Collections
Toys & Games;Collectible Toys;Trading Cards
Toys & Games;Dolls & Accessories;Clothing & Shoes
Toys & Games;Dolls & Accessories;Strollers
Toys & Games;Dolls & Accessories;Décor
Toys & Games;Dolls & Accessories;Furniture
Toys & Games;Dress Up & Pretend Play;Bracelets
Toys & Games;Dress Up & Pretend Play;Earrings
Toys & Games;Dress Up & Pretend Play;Jewelry
Toys & Games;Dress Up & Pretend Play;Jewelry Boxes
Toys & Games;Dress Up & Pretend Play;Makeup
Toys & Games;Games & Accessories;Dedicated Deck Card Games
Toys & Games;Games & Accessories;Standard Playing Card Decks
Toys & Games;Games & Accessories;Game Pieces
Toys & Games;Games & Accessories;Role Playing Dice
Toys & Games;Games & Accessories;Standard Game Dice
Toys & Games;Hobbies;Adhesives
Toys & Games;Hobbies;Hobby Tool Sets
Toys & Games;Hobbies;Magnifying Tools
Toys & Games;Hobbies;Painting Tools
Toys & Games;Kids' Electronics;Electronic Software & Books
Toys & Games;Kids' Electronics;Electronic System Accessories
Toys & Games;Kids' Electronics;Electronic Systems
Toys & Games;Kids' Furniture, Décor & Storage;Backpacks
Toys & Games;Kids' Furniture, Décor & Storage;Lunch Boxes
Toys & Games;Kids' Furniture, Décor & Storage;Air Mattresses
Toys & Games;Kids' Furniture, Décor & Storage;Bed Skirts
Toys & Games;Kids' Furniture, Décor & Storage;Bedding Sets & Collections
Toys & Games;Learning & Education;Microscopes
Toys & Games;Learning & Education;Telescope Accessories
Toys & Games;Learning & Education;Telescopes
Toys & Games;Learning & Education;Diaries, Journals & Notebooks
Toys & Games;Learning & Education;Handwriting Aids
Toys & Games;Learning & Education;Magnetic Letters & Words
Toys & Games;Novelty & Gag Toys;Desktop Magnetic Ball Puzzles
Toys & Games;Novelty & Gag Toys;Desktop Motion Toys
Toys & Games;Novelty & Gag Toys;Fidget Blocks
Toys & Games;Novelty & Gag Toys;Fidget Spinners
Toys & Games;Party Supplies;Cupcake Toppers
Toys & Games;Party Supplies;Cups
Toys & Games;Party Supplies;Napkins
Toys & Games;Party Supplies;Plates
Toys & Games;Play Vehicles;Train Cars
Toys & Games;Play Vehicles;Train Sets
Toys & Games;Puzzles;Assembly & Disentanglement Puzzles
Toys & Games;Puzzles;Maze Puzzles
Toys & Games;Puzzles;Puzzle Boxes
Toys & Games;Puzzles;Sequential Puzzles
Toys & Games;Sports & Outdoor Play;Bean Bag Game Boards
Toys & Games;Sports & Outdoor Play;Bean Bag Game Sets
Toys & Games;Sports & Outdoor Play;Bean Bags
Toys & Games;Sports & Outdoor Play;Footbags
Toys & Games;Sports & Outdoor Play;Airplane Construction Kits
Toys & Games;Sports & Outdoor Play;Toy Parachute Figures
Toys & Games;Sports & Outdoor Play;Kickballs
Toys & Games;Sports & Outdoor Play;Playground Balls
Toys & Games;Toy Figures & Playsets;Playsets
Toys & Games;Toy Figures & Playsets;Vehicles
Toys & Games;Tricycles, Scooters & Wagons;Kids' Mountain Bicycles
Toys & Games;Tricycles, Scooters & Wagons;Kids' Road Bicycles
Toys & Games;Tricycles, Scooters & Wagons;Push Ride-Ons
Toys & Games;Tricycles, Scooters & Wagons;Ride-On Accessories
Toys & Games;Tricycles, Scooters & Wagons;Ride-On Replacement Parts
Toys & Games;Tricycles, Scooters & Wagons;Rocking Horses & Animals
