id,name,description,date,path,pages,duration,resolution
1,Clustered Goldenrod,,2018/09/17,\Mwzacli\Mdmbiio\data\Exxnaax\Eokfbce-558\,,6,
2,Chilean Podocarp,,2018/07/13,\Kxeovtp\Lypuzet\data\Qrxkuio\Whxhcyx-997\,,,388 dpi
3,Sharpleaf Gumweed,,2016/02/17,\Finasrl\Vwltcgy\data\Klmledy\Uodtbjf-061\,7,,
4,Changing Fleabane,,2019/09/26,\Cutehrr\Mlqdqfd\data\Qaauwyi\Gywflnf-535\,355,,
5,Sulphur Cosmos,,2011/07/23,\Pwurzss\Dtswqvc\data\Rtlmglh\Jswnhcu-500\,,,472 dpi
6,Lengua De Vaca,,2012/09/11,\Dakpscp\Iecbxtd\data\Xdlpikd\Hkupzns-532\,211,,
7,Greek Valerian,,2014/08/26,\Ustvidt\Lqcyaiz\data\Dblzyat\Ctamzzw-345\,53,,
8,Mesa Pepperwort,,2018/09/24,\Ibqgvtw\Hthtpvq\data\Zplonfu\Znrfigq-187\,,9,
9,Woolly Cinquefoil,,2017/03/31,\Ywfprwr\Iwrtlhu\data\Icqutri\Axkknqg-108\,204,,
10,Warnstorfia Moss,,2012/12/20,\Gufisbd\Gsxzxuz\data\Zafbyza\Utgfmdw-026\,,,81 dpi
11,Giant Needleleaf,,2016/09/24,\Bqazkvr\Ywqowsf\data\Ntvjntk\Jzmbclm-024\,7,,
12,Soft Brome,,2012/01/02,\Yejmuic\Sxfcqii\data\Ahqgzot\Fmuimvf-010\,,,44 dpi
13,Cochise Cliff Fern,,2017/03/08,\Cvlgric\Pbjeseu\data\Anvzdhy\Lwiicmz-828\,,,734 dpi
14,Cartilage Lichen,,2012/12/15,\Gvjlrbu\Jrofxrl\data\Bjfjnlf\Bdvpskh-216\,29,,
15,Pacific Anemone,,2019/02/28,\Xtiuwum\Itslsuk\data\Myttgkp\Haezqzr-522\,,11,
16,Farinose Crabseye Lichen,,2020/03/22,\Vpsxesl\Vckoosw\data\Btzibgs\Ywnrsod-832\,207,,
17,Jones' Lupine,,2016/08/09,\Qdvedjf\Ocbjstx\data\Rqfivbj\Nsofuje-333\,,7,
18,Flame Beard Lichen,,2018/04/02,\Tzviowy\Seowowc\data\Donrtur\Bmovbeh-806\,,,667 dpi
19,Gall Of The Earth,,2019/05/02,\Dbqvscm\Lchmzch\data\Heidybw\Gpddxic-358\,240,,
20,Desolation Columbine,,2019/12/23,\Jikxlss\Wjcjcsk\data\Hyexrwy\Xbvmken-676\,,,30 dpi
21,Dotted Polypody,,2020/02/14,\Pnytbvw\Tbjzypr\data\Koydnpe\Txnagdo-135\,,8,
22,Saxifrage,,2011/01/07,\Qzzgkpd\Mtyaiye\data\Pfacebv\Saopoav-563\,,,35 dpi
23,Sierra Beardtongue,,2019/07/29,\Dzvcpks\Hdqfaqk\data\Bhfjqgb\Qrsnllf-433\,85,,
24,Monarch Bushmallow,,2018/06/25,\Erfripd\Doyzvaq\data\Okrsfzz\Vbypceo-503\,,12,
25,False Bird Of Paradise,,2017/04/25,\Lzzpowz\Vaqwzzc\data\Rktccgx\Xcyfzsi-913\,,,56 dpi
26,Grasswort,,2016/09/13,\Ysnfwji\Jbymdwv\data\Odfliwe\Piocwrm-853\,,,01 dpi
27,Pitcherplant,,2012/04/01,\Byexijx\Bhasnxe\data\Gswyxcl\Benjxxr-829\,283,,
28,Twocolor Sedge,,2010/10/30,\Zhulohb\Crlrhpn\data\Cpfacjo\Gstdtgq-596\,221,,
29,Hitchcock's Blue-eyed Grass,,2013/12/08,\Foommqa\Ksmnbdq\data\Gjtcutk\Igafihq-227\,13,,
30,White Oak,,2019/04/08,\Fsogebw\Oktlgzf\data\Iogxvxe\Opotpoe-078\,226,,
31,Oahu Violet,,2016/07/08,\Ludlkxv\Afbyofa\data\Wolsrjz\Eydzcxp-464\,,10,
32,Browneyed Susan,,2019/11/11,\Fakcxuy\Aobmkuj\data\Cbplgso\Yaswlfc-680\,,,928 dpi
33,Chinese Golden-larch,,2012/02/07,\Vskrcez\Lefqciv\data\Itzdigz\Dqhqhhn-791\,,6,
34,Earth Lichen,,2013/05/31,\Yfxribn\Nbgrtbn\data\Ljxmvzl\Tnemctu-907\,353,,
35,Smallflowered Anemone,,2013/07/03,\Pwyqrcw\Atcmpsz\data\Svikjqe\Lljqbyd-212\,69,,
36,Cuban False Helmetorchid,,2010/05/26,\Vkcjbbr\Lwhsysi\data\Qjeauyl\Gsocvrm-356\,31,,
37,Western Purple Cranesbill,,2013/11/09,\Uieoxex\Jidqpzu\data\Apaxfvt\Obtjsot-678\,,7,
38,Cracked Lichen,,2010/03/14,\Bnorevs\Jkewldr\data\Vzccyvl\Qtbblsq-742\,,,32 dpi
39,Grassflower,,2020/01/09,\Qzkmyjx\Yvblpba\data\Hrvutnb\Wbmkiwq-735\,,25,
40,Naked Milkvetch,,2019/02/24,\Rofmueh\Ogoyvib\data\Zyhyyxd\Ceoxnzp-338\,,,56 dpi
41,Rush,,2014/08/08,\Dkfutuu\Wrpwndl\data\Khsuoeg\Gbjioen-872\,286,,
42,Panamint Monkeyflower,,2010/05/14,\Tlddmeu\Qzbyvij\data\Wsvcptc\Bjzovvd-357\,,,25 dpi
43,Bitter Lettuce,,2019/01/15,\Gayczmq\Epzwyus\data\Uttxxhl\Wbdgdow-745\,281,,
44,Dollar Orchid,,2016/09/07,\Kfzvztw\Djrewet\data\Vtkqcaj\Pjoslyn-409\,,18,
45,Drepanocladus Moss,,2014/03/06,\Teitbtz\Gpivbwk\data\Oonbdib\Yfanxno-089\,,22,
46,Brazos Milkvetch,,2010/02/28,\Fwklmtl\Mepmphp\data\Syakuev\Evktymb-573\,,15,
47,Dorr's Cabin Jewelflower,"Maecenas leo odio, condimentum id, luctus nec, molestie sed, justo. Pellentesque viverra pede ac diam. Cras pellentesque volutpat dui.",2015/01/22,\Vnogrls\Pznsjlw\data\Zeydmkk\Hcxwtcl-623\,,,392 dpi
48,Tall Fringed Bluebells,,2009/11/22,\Pixsots\Mirspjo\data\Emitwqv\Iplwprz-991\,353,,
49,Rushy Milkvetch,,2009/11/30,\Ikdggbg\Vqxokzq\data\Eqijhri\Qqeobwz-241\,63,,
50,Southern Marsh Yellowcress,,2016/01/12,\Txqdoqv\Hvybthq\data\Oinpqjq\Vpmxfyb-885\,228,,
51,Koenigia,,2019/10/30,\Szwgsqo\Twjqjtb\data\Ybrfgfe\Qxbkgli-857\,,23,
52,Wart Lichen,,2011/02/08,\Zyrsvto\Jlujvjg\data\Rlklfow\Zlcxxyx-109\,,7,
53,Red Ginger,,2020/03/08,\Awtvbtv\Obuyahl\data\Exsovlo\Kqhxpsb-472\,86,,
54,Mossgrass,,2014/01/09,\Mmgfrfp\Gjrtgpf\data\Cgewnfd\Lfopdxn-257\,38,,
55,Rim Lichen,,2011/09/06,\Iousakz\Jdkrzdt\data\Yuldmpf\Awawboc-822\,182,,
56,African Plume,,2010/09/14,\Azwnkud\Jhpcjtv\data\Vfmkmtc\Pxwxvsk-396\,37,,
57,Sweet William Silene,,2013/06/12,\Xjvuspk\Vpzakds\data\Xjrdnms\Qnctsqi-431\,,,246 dpi
58,Plagiothecium Moss,,2013/01/08,\Rihviyy\Vqksvcr\data\Xvynzsc\Nqheozp-258\,246,,
59,Baker's Paperflower,,2017/12/29,\Kuqufkx\Pinquqw\data\Zjzipen\Qauzlpk-526\,,16,
60,Desert-thorn,,2019/06/15,\Yzeribr\Feqxavq\data\Ffkzdmh\Fznzxfv-213\,246,,
61,Softseed Wild Petunia,,2019/11/20,\Vquybdr\Rwjcakk\data\Ljgpsmu\Idzhhhy-354\,252,,
62,West Indian Spongeplant,,2019/11/20,\Rycgceu\Xnlvcwl\data\Fxxwcov\Aigsxgl-500\,185,,
63,Shield Lichen,,2010/09/08,\Okrsdtl\Fxcevyk\data\Yzsplkw\Ovprlvu-868\,,,72 dpi
64,Mexican Panicgrass,,2014/02/02,\Qskwnpi\Omkjhhm\data\Aturutk\Tbtzlrr-693\,,22,
65,Gordon's Bladderpod,,2017/07/13,\Dkpzgmx\Sxgluwf\data\Hfngxxx\Yjthfdu-262\,,25,
66,Thread Lichen,,2019/03/31,\Gijhttc\Redwyle\data\Ciwwfww\Bsiqycj-468\,235,,
67,Fourleaf Manyseed,,2009/11/29,\Czqxsqf\Swdxmkr\data\Fuhjwql\Actjerh-938\,,,612 dpi
68,Curtiss' Lespedeza,,2011/07/08,\Klfqqnw\Ihpooqm\data\Phhlrmj\Vlkqniw-479\,140,,
69,Pauper's-tea,,2010/11/05,\Sitefzh\Armdvfq\data\Nrbfugp\Onmslqs-503\,34,,
70,North Umpqua Kalmiopsis,,2011/10/16,\Hbgbbni\Goiscgt\data\Nekqhlj\Tbfofzg-674\,,17,
71,Green Bristlegrass,,2019/02/15,\Keinjap\Yodyfdj\data\Xeqcwoh\Ijahopy-503\,,,00 dpi
72,Cream Stonecrop,,2010/08/28,\Iybsrgr\Nkfefbu\data\Qzlbcxg\Eumdtke-118\,,12,
73,Beardless Wildrye,,2020/02/16,\Dxoviux\Irpfdve\data\Mxahvox\Cvezpim-543\,,8,
74,Pigweed,,2012/05/28,\Uzkzajg\Xygvpua\data\Olxolur\Ojdyilj-695\,121,,
75,San Luis Mountain Giant Hyssop,,2017/06/03,\Bnqrhyx\Cdwhrns\data\Qagyjov\Dcjfdvc-882\,306,,
76,Mottled Spurge,,2015/12/22,\Kairwhl\Tyfykow\data\Akkktgu\Vthzqmh-975\,,,990 dpi
77,Vasey's Rush,,2011/06/18,\Uqqsllp\Vszhtle\data\Mmfwykb\Zegybvh-224\,,4,
78,Bladder-senna,,2010/08/05,\Bzdfyga\Wtgpjqu\data\Qeuvprj\Xhnowey-848\,213,,
79,Cynodontium Moss,,2013/06/14,\Guxlkmv\Moflgls\data\Gchqxxf\Zjamqqv-721\,,,29 dpi
80,Bristly Stingingbush,"In sagittis dui vel nisl. Duis ac nibh. Fusce lacus purus, aliquet at, feugiat non, pretium quis, lectus.",2016/01/21,\Nytabgs\Ynwvpbm\data\Yiyqqrf\Frlvuzy-811\,,,971 dpi
81,Globe Beaksedge,,2014/03/02,\Dtvwyvp\Btblgrg\data\Txbtipq\Dooysif-103\,330,,
82,Smooth Brome,,2017/08/20,\Hbwhxaf\Haajsks\data\Lzbgkwp\Tnrjxcq-720\,96,,
83,Cockerell's Stonecrop,,2015/01/15,\Nasxjxu\Vmhrypp\data\Iebcmhz\Kpxqmjl-871\,,,33 dpi
84,Largeleaf Avens,,2010/07/09,\Uaswace\Vwvgchi\data\Frokila\Yrwevnq-644\,253,,
85,Didymodon Moss,,2016/09/20,\Dnsrfcj\Gafclmd\data\Jseawsc\Fdtihka-507\,15,,
86,Lindley's Clerodendrum,,2014/07/17,\Qnpxauk\Cecgqnd\data\Wjybknf\Mntbcpb-873\,56,,
87,Crownvetch,,2012/06/02,\Hvitqdf\Azdhgkk\data\Ghbvmfv\Kbthjlj-564\,,19,
88,Rigid Didymodon Moss,,2017/01/08,\Qjtgjlb\Rufecuu\data\Yrgefod\Gufhlms-580\,,,103 dpi
89,Alpine Bladderpod,,2019/07/07,\Akinknt\Uumhssr\data\Abmkyen\Bwvrpnh-092\,,8,
90,Ravenel's Rosette Grass,,2017/11/18,\Vppezev\Wnhqhgh\data\Ffdkfxv\Rnjovjm-340\,,19,
91,Brittle Spineflower,,2020/06/29,\Ogugwcz\Nqtcepl\data\Qkxxwxc\Iemoxgf-521\,,15,
92,Alameda County Thistle,,2014/12/16,\Wcakgms\Hauhypo\data\Wfjyutj\Hyrnwwd-674\,,16,
93,Narrowleaf Goldenaster,,2014/10/03,\Ibgqiie\Usiagzz\data\Clhusxf\Ywcfahb-477\,57,,
94,Estrella De Mar,,2017/01/07,\Uzscwao\Khnbwkv\data\Sflqqvq\Ietocsl-675\,124,,
95,Pride Of Ohio,,2016/06/06,\Rluqtef\Inivhwf\data\Gjrwqux\Bmeryvq-385\,305,,
96,Elmer's Lupine,,2018/02/02,\Hwrmxft\Weiqayf\data\Efqcaor\Jjtuaqw-287\,305,,
97,Mountain Love In The Mist,,2018/09/15,\Afhnjoz\Iurpvsf\data\Jqzpxpa\Imewcrs-173\,21,,
98,Sonoran Pricklyleaf,,2015/02/26,\Oxnuvko\Eewtzuo\data\Tmyscyy\Peseswf-751\,,8,
99,Canada Yew,,2013/03/28,\Nyezxwd\Ursacog\data\Urlrjcv\Ffghayv-350\,63,,
100,Serviceberry,,2009/11/05,\Lqcrkpk\Ioxccan\data\Kakgaeg\Jjpmsmq-968\,,25,
101,Spotted Beebalm,,2014/02/01,\Oofedtr\Tnxgspe\data\Mtlbcyu\Ekwrnga-350\,219,,
102,Cheiridopsis,,2018/04/10,\Dazzobf\Ppjulzo\data\Cwqwhub\Kwydalv-694\,,25,
103,Oval Dry Rock Moss,,2014/12/13,\Yywysif\Ecvabmd\data\Xpjvzcu\Sxafujg-827\,,,74 dpi
104,Kauai Wormwood,,2017/05/27,\Nftesab\Vflnbov\data\Waiqzup\Kcbbjdg-051\,,,299 dpi
105,Hoary Tansyaster,,2010/08/24,\Qenuosw\Dmgzapb\data\Hkvoeew\Fsugooq-263\,29,,
106,Texas Wedgescale,,2018/06/14,\Prtvbdu\Eborfyh\data\Wpvboqj\Phnuour-925\,,14,
107,Arizona Buckwheat,,2013/12/19,\Rgloeno\Cjgrlsq\data\Dlnfnfz\Svqxjkk-742\,246,,
108,Mountain Oxytrope,,2016/05/07,\Indsacy\Fznluoj\data\Hnrvnwa\Jkfcomu-172\,,,950 dpi
109,Waxberry,,2017/09/03,\Odqkjsv\Ccovwah\data\Ezeqehc\Kastjdz-052\,,12,
110,Waioiani Clermontia,,2013/04/02,\Mnvbagm\Rieuaod\data\Vmzdntr\Nbuuvxo-291\,83,,
111,Voitia Moss,,2015/04/10,\Rkidzbr\Zwppfji\data\Smwizfd\Iurseyv-583\,323,,
112,Open Clover,,2019/08/08,\Vcloucw\Vdnffbf\data\Lwcfhdt\Rctbelz-712\,,,151 dpi
113,White Cudweed,,2013/08/28,\Upbwebt\Byfoqcq\data\Adlejoe\Ecimxth-139\,134,,
114,Gulf Coast Searocket,,2016/09/20,\Lcgucxq\Ukrfdny\data\Fyzdiue\Fniwjzy-690\,252,,
115,Texas Salt,,2015/09/02,\Qoavkyf\Kszmrgz\data\Opklyrz\Qdrslxj-358\,,,11 dpi
116,Sweginzow's Rose,,2010/09/21,\Bkwjgkk\Uzvsktk\data\Reafcko\Sysrfbf-121\,139,,
117,Cooba,,2014/11/01,\Hotutwl\Hgwrovi\data\Dpbpgow\Zlinqca-408\,92,,
118,False Fiddleleaf,,2013/06/19,\Bodofgd\Fbxcmqf\data\Hxjcuvd\Bcwkepm-905\,216,,
119,Redstem Springbeauty,,2016/09/08,\Pvghvnd\Kemefrh\data\Zscmcnq\Ixhpivw-732\,208,,
120,Oahu False Ohelo,,2019/03/15,\Gckljui\Qbhzhwe\data\Rybquth\Jwulmym-201\,,14,
121,Stiff Maiden Fern,,2018/12/11,\Xtkxqzs\Bvwgmph\data\Cbqwita\Xethzdo-237\,,,919 dpi
122,Neisosperma,,2009/11/30,\Zzkcjlz\Ryjgicz\data\Sbgqrlq\Hujasjl-890\,345,,
123,Escoba Parada,,2010/05/07,\Gejakte\Xkidbeb\data\Zriebzf\Pllmgmy-982\,12,,
124,Carolina Doll's Daisy,,2010/02/08,\Mtiogzu\Fxhxegn\data\Nssppdw\Ghqdeio-592\,200,,
125,Bright Copper Homalothecium Moss,,2018/06/24,\Whghoip\Lkkwxoi\data\Qhqrgct\Bathjhm-689\,,,703 dpi
126,Willey's Seaweed Lichen,,2017/11/05,\Arsdzsd\Bnomoll\data\Lncgbcu\Zjrnmpg-052\,,4,
127,Cedar Mountain Fameflower,,2020/10/28,\Sjjxukv\Ktflxha\data\Lqtuvyk\Ggdmpsj-625\,,,322 dpi
128,King's Rosy Sandwort,,2012/01/01,\Dsgjybz\Yaxwuwt\data\Psalmzy\Zwyrkxc-490\,285,,
129,Ferula,,2015/04/02,\Qivkhqu\Dfvzgos\data\Spwtlts\Xwisbcf-879\,143,,
130,Sequoia Bedstraw,,2010/04/27,\Izjcgxg\Auomyqi\data\Uacjgoq\Unudvlb-710\,,13,
131,Water Birch,,2010/11/17,\Dgfwmqa\Hksllqn\data\Nynrnlc\Wgarluz-962\,,14,
132,Guayabota De Sierra,,2013/02/09,\Odsctku\Wrpzark\data\Jvzhinu\Qceofdk-218\,,,964 dpi
133,Rinodina Lichen,,2017/07/13,\Allohmh\Dsrqqgw\data\Ravlbkk\Smvnfce-623\,,12,
134,Branching Phacelia,,2019/07/23,\Zybjfuu\Juwvmpl\data\Hqilvwp\Seltnau-667\,269,,
135,Pacific Aster,,2020/02/25,\Vswwqea\Mbjpnra\data\Ubjrwkx\Fltbhlj-936\,136,,
136,Littleleaf Boxwood,,2019/12/25,\Otgnagl\Mogoixo\data\Ejogpjd\Ojmfftm-843\,,8,
137,Basil,,2014/02/05,\Jsiqfbj\Nvecsrh\data\Dusgamg\Lqyldtw-364\,,11,
138,Dwarf Hawthorn,,2014/08/10,\Dpndnvi\Gzorbuw\data\Yryaubn\Smrrjxr-834\,301,,
139,Massachusetts Blackberry,,2014/07/08,\Suckpwk\Jhfwjhi\data\Ktcyyxg\Gatuvdz-871\,,,37 dpi
140,Fuzzy Phacelia,,2018/01/02,\Udybtbv\Dpxgudv\data\Fumjira\Twhzdsu-592\,,22,
141,Sugarcane,,2016/03/24,\Kdyjnbs\Hiuarlk\data\Kyqwljm\Mhquhuk-175\,56,,
142,Ontario Rhodobryum Moss,,2015/01/21,\Kladhnl\Srmvnza\data\Rtborax\Lcdxalh-144\,,,22 dpi
143,'ekoko,,2013/12/13,\Mkasaoa\Forbetd\data\Zveqaut\Ourbeft-127\,,,833 dpi
144,Antilles Spleenwort,,2014/01/07,\Tjhtdmr\Gmxsguv\data\Qgccgnp\Yjbppjr-175\,,7,
145,Snow Lichen,,2016/12/20,\Yahzsto\Sysemop\data\Oavezzi\Omskzzg-081\,301,,
146,Ash Meadows Gumweed,,2012/10/17,\Qvcibmu\Dqoodqy\data\Gxhzigs\Ttesawt-440\,96,,
147,Colorado Blue Columbine,,2010/04/05,\Pbzlarj\Ezpsxyf\data\Gafdmnz\Taitqml-500\,137,,
148,Kaibab Draba,,2019/09/03,\Vbhbcqp\Wfbwmcu\data\Gvsplyz\Oxxjwxt-344\,10,,
149,Western Sandcherry,,2011/05/30,\Dckyngg\Hycrwiu\data\Aogmyye\Eqrdate-347\,,22,
150,Mexican Creeping Zinnia,,2010/07/31,\Wfdwivx\Odppiln\data\Mincunf\Qbirmnv-858\,22,,
151,Southern Meadow-rue,,2012/07/04,\Vjfuixe\Kjjhszp\data\Eoyywsx\Tpziuqj-051\,168,,
152,Pitted Onion,,2017/10/19,\Pansvdq\Anegfhq\data\Wxkwyau\Vxusxil-722\,,,856 dpi
153,Creeping Sage,"Integer ac leo. Pellentesque ultrices mattis odio. Donec vitae nisi.

Nam ultrices, libero non mattis pulvinar, nulla pede ullamcorper augue, a suscipit nulla elit ac nulla. Sed vel enim sit amet nunc viverra dapibus. Nulla suscipit ligula in lacus.",2018/08/12,\Whavtbr\Ehqsfoj\data\Wfbufsq\Oklqjvp-680\,,5,
154,Swampforest Beaksedge,,2017/12/02,\Lxdhevm\Myrynfc\data\Qarynsc\Plqwiya-325\,,4,
155,Blytt's Andreaea Moss,,2017/04/28,\Qbqevne\Cdjiunm\data\Gyhfige\Xqzkfej-192\,211,,
156,Aralia,,2011/01/03,\Tjyhpfo\Wjfxmni\data\Wrozkey\Fouclrs-144\,,13,
157,Peach Palm,,2012/05/12,\Ulzfaff\Mihstoi\data\Oktscpn\Ydkyhbs-256\,245,,
158,Sweetflag,,2013/01/16,\Ofnyqye\Otoiidc\data\Wxcnctn\Prtnfly-444\,,10,
159,Bigtop Lovegrass,,2011/01/03,\Fgpkesq\Hcmmbss\data\Kskrkoh\Ffgtkig-896\,,,53 dpi
160,Longstem Evening Primrose,"Duis aliquam convallis nunc. Proin at turpis a pede posuere nonummy. Integer non velit.

Donec diam neque, vestibulum eget, vulputate ut, ultrices vel, augue. Vestibulum ante ipsum primis in faucibus orci luctus et ultrices posuere cubilia Curae; Donec pharetra, magna vestibulum aliquet ultrices, erat tortor sollicitudin mi, sit amet lobortis sapien sapien non mi. Integer ac neque.

Duis bibendum. Morbi non quam nec dui luctus rutrum. Nulla tellus.",2018/08/21,\Nxdlyco\Etiaicx\data\Aelypkk\Qcvqeue-634\,20,,
161,Silversheath Knotweed,,2011/04/21,\Punqdzk\Vtcoxua\data\Fhiwwgl\Bduzqup-220\,70,,
162,New Mexican Fontinalis Moss,,2016/12/14,\Zonpnsi\Frfjsgq\data\Ppoebkf\Irtogma-744\,245,,
163,Coastal Plain Flatsedge,,2014/08/23,\Uvpmjij\Parfgdq\data\Uerpjkd\Pqhuhwp-224\,335,,
164,European White Waterlily,,2013/12/18,\Rkdorka\Rnjifyu\data\Fkabgqq\Exgpnof-946\,51,,
165,Golden Larch,,2014/12/06,\Dlgnenm\Prxnnoe\data\Wyhacin\Fxsvqjx-055\,,,275 dpi
166,Bolander's Onion,,2015/01/03,\Bnuizdr\Whxhlrn\data\Dambbom\Walpeez-461\,,,873 dpi
167,Lundell's Phacelia,,2016/12/05,\Rzodjwz\Gwpmsvs\data\Qctedra\Bikuegc-743\,58,,
168,Clavate Bentgrass,,2019/06/04,\Husbrxw\Hwrfolx\data\Gswbajn\Aerjxyn-203\,342,,
169,Mountain Aster,,2010/09/25,\Kgxboys\Zyyfjap\data\Rlpujvs\Ggpkbya-413\,346,,
170,Alkali Goldenbush,,2018/11/16,\Ysyozlc\Gvcehdb\data\Owcpqcx\Eiwhcuf-977\,,10,
171,Yavapai County Buckwheat,,2017/03/27,\Zgbwyef\Uhkzvfc\data\Jttnkwq\Vsxktwp-513\,94,,
172,Longleaf Groundcherry,,2018/05/13,\Elpzjsf\Phzjpcf\data\Otlhpaw\Wuzhfux-618\,86,,
173,Silverleafed Princess Flower,,2018/10/28,\Ibuypor\Dqytffz\data\Dmikssk\Ysyudzf-348\,,,88 dpi
174,Swamp Dock,,2014/09/19,\Zwfsryd\Yjbvabd\data\Xfqneqn\Mucrtfv-488\,138,,
175,Kaweah Lakes Fawnlily,,2010/05/23,\Gncqvqc\Ukoieaz\data\Gxtehyz\Oonfsxh-750\,,,743 dpi
176,Mosquito Rush,,2014/09/10,\Jdfawll\Xwqzrup\data\Hngozla\Vgzowhj-463\,,,446 dpi
177,Chinese Foldwing,,2013/09/22,\Jvijcxy\Mbcvxki\data\Jmtuuxz\Fvoksxq-014\,,,41 dpi
178,Parry's Holdback,,2009/11/28,\Qbuuzep\Isuatgc\data\Whquydi\Mkzxdhx-563\,,24,
179,Lesser Yellowthroat Gilia,,2011/12/19,\Yntefjk\Lwgltij\data\Tgybixw\Zmpsdlv-349\,,,824 dpi
180,Carludovica,,2016/09/26,\Ylzwmke\Tnqrtxe\data\Wuxwnlz\Suxawhs-030\,305,,
181,Fremont's Beardtongue,,2017/02/08,\Cgcyuuk\Ltmnxhr\data\Bumydut\Ixxpdbs-744\,,,724 dpi
182,Woolly Round-head Clover,,2014/08/16,\Cbbhalh\Rjaqcmy\data\Zyltiet\Nrllxmd-742\,,,081 dpi
183,Hypotrachyna Lichen,,2018/04/21,\Obhfjdd\Enliqww\data\Ppeklgz\Ceikahi-314\,312,,
184,Forked Green Fiddleneck,,2011/11/05,\Fgsfqka\Xyxwygd\data\Btwuogh\Nbetsgp-265\,320,,
185,Berteron's Sandmat,,2016/10/06,\Poaezup\Kghvddd\data\Yuzjyuj\Vxnjgdg-251\,,,560 dpi
186,Front Range Milkvetch,,2014/06/22,\Kvlxbsy\Mywnyze\data\Iatirkm\Hqnzzzj-371\,,,18 dpi
187,Thunberg's Geranium,,2013/09/03,\Admktnv\Cusalqg\data\Pukyyst\Aqzwxsv-417\,316,,
188,Bald Fleabane,,2015/03/29,\Sgxbmbz\Kqmkozc\data\Nxlqeyr\Tlvwowz-906\,,16,
189,Feather Reed Grass,,2012/02/03,\Ikvzmlb\Ydmbzej\data\Fyftdii\Bbswgfi-424\,,,35 dpi
190,West Indian Milkpea,,2019/09/24,\Rwztpir\Yrbvzex\data\Vzurzit\Hlapgwx-634\,120,,
191,California Pitcherplant,,2017/04/26,\Hyzbiqe\Lsenvxm\data\Pdrcvqz\Svvnsiw-277\,,,26 dpi
192,Largeflower Wild Coffee,,2010/05/23,\Ukjvvrh\Rnpobzb\data\Asvmgie\Vzckhwb-150\,,,04 dpi
193,Antilles Fanpetals,,2020/09/20,\Qydusaj\Lwdhrpj\data\Eqtkvai\Zkoooes-340\,,20,
194,Allseed,,2016/08/28,\Jzmdkfl\Rvbjytp\data\Fofisjn\Fbhndit-576\,257,,
195,Ball Saltbush,,2014/06/20,\Epbnapt\Lsknkfv\data\Ramizjh\Mxilopm-934\,101,,
196,Jelly Lichen,,2020/10/06,\Ybxxkpy\Pabynki\data\Iqnfsug\Hnwuood-033\,,5,
197,Shortfruit Spikerush,,2013/03/10,\Hthalfa\Uzglsij\data\Dcachdn\Aztlnqi-184\,,,05 dpi
198,Birdcherry,,2017/05/13,\Rprlywi\Vncrqxk\data\Rqenaih\Digospg-764\,,,441 dpi
199,Juniper Biscuitroot,,2009/12/14,\Wwdhhxa\Budkrel\data\Frailbe\Cghpcjx-871\,,,734 dpi
200,Mahogany Milkweed,,2016/04/18,\Qyisffw\Rfjhcks\data\Wwyulkb\Exyxxce-106\,,,683 dpi
201,Cunila,,2012/05/17,\Ontimnu\Psrtoxb\data\Txwjrnn\Lryjeci-171\,,,259 dpi
202,Capillary Hairsedge,,2015/10/23,\Shblclp\Pvkmywe\data\Pevyqxx\Sdrfqcn-978\,219,,
203,Peck's Beardtongue,,2012/10/01,\Mnbicft\Iiulzif\data\Dafcoor\Brgusxm-676\,,17,
204,Devil's-tongue,,2013/02/07,\Bndyaws\Pcxbagc\data\Ayxyqxp\Biwfmbj-601\,,23,
205,Leproloma Lichen,,2012/12/27,\Jlphczi\Sluxsod\data\Ittvsqf\Wdhrusl-635\,,,36 dpi
206,Silk-floss Tree,,2020/09/11,\Lfcykwo\Keguwxe\data\Rfgmbnq\Bmovtrg-716\,,,288 dpi
207,Mojave Spineflower,,2020/09/02,\Jqklgnm\Ygfxhha\data\Imspldo\Eyhhpqe-395\,165,,
208,Naked Albizia,,2011/09/12,\Dcizook\Lguvagw\data\Tukvloj\Tadheki-592\,,,20 dpi
209,Vine Hill Clarkia,,2017/10/15,\Lcjmlkd\Slugmrf\data\Vwrjvgu\Qfqaqsa-638\,,,69 dpi
210,Spearleaf Swampmallow,,2018/09/05,\Ahfoimk\Ywntifn\data\Fgqghea\Skekhtm-154\,,,49 dpi
211,Tortula Moss,,2015/10/20,\Xopseyn\Qetcsdn\data\Setuuha\Zwnegzh-672\,,9,
212,Boreal Map Lichen,,2010/05/21,\Pfygmff\Zmonuce\data\Aigjtaa\Ovsqnbj-969\,,22,
213,Pipsissewa,,2012/02/18,\Iprborh\Jzqkjqy\data\Nkmaqlg\Tsltgjr-670\,112,,
214,Pioche Stickleaf,,2015/03/11,\Nojzpuo\Lxvexyo\data\Rmkdith\Swdlscd-560\,163,,
215,Field Garlic,,2020/08/15,\Bxikqhg\Chijpkg\data\Djvddpi\Ztsulhd-720\,,21,
216,Orthotrichum Moss,,2020/06/18,\Gyytxhw\Qgqceld\data\Kuqpcjr\Npmqgsi-053\,,22,
217,Sawtooth Bristleweed,,2012/03/22,\Mmxqdvo\Wtcgjbt\data\Lcycejj\Gvbsyts-844\,342,,
218,Tropical Waterhyssop,,2014/06/24,\Eqwmogq\Lrrgfvt\data\Azbxwue\Riuackq-459\,,22,
219,Kona Cheesewood,,2018/04/24,\Othqhpw\Sathqer\data\Glgzpvl\Tpeaipn-890\,,12,
220,Lakecress,,2011/12/27,\Qxktcqj\Kciiwce\data\Uadngeb\Ybcmlgi-528\,,24,
221,Camphor Daisy,,2019/11/11,\Uxlaakx\Aeizaqf\data\Nponkfz\Lmmvfat-136\,210,,
222,Norway Sedge,,2011/01/03,\Glibxia\Ntivorm\data\Pnftonj\Nrqydxj-865\,4,,
223,Coastal Plain Dawnflower,,2009/11/28,\Pgkfzrj\Dxamwss\data\Uybtdsp\Yrhznkd-151\,,19,
224,Manyleg Knotweed,,2016/06/19,\Cszlzrp\Ajuwvbj\data\Bpjxyrl\Inieykm-660\,71,,
225,Tropidocarpum,,2010/04/01,\Seeamtc\Bllityz\data\Fooflqa\Savctvs-013\,,,32 dpi
226,Prairie Acacia,,2014/07/28,\Gciidss\Uswzcdy\data\Wxwmoda\Rvnoouk-016\,,,898 dpi
227,Sicklefruit Fenugreek,,2016/10/19,\Skkxfxw\Tuvpdmc\data\Gxmlbwe\Epxbesi-244\,,15,
228,Spiny Bucida,,2018/11/13,\Pfujoel\Dliwouj\data\Ktthshk\Lcmjdvj-208\,,,77 dpi
229,Hess' Fleabane,,2017/04/22,\Otddlwx\Ycjrlho\data\Mixkcos\Icdwngk-196\,,,28 dpi
230,San Bernardino Mountain Alumroot,,2017/05/29,\Xxnarcb\Vhbvtcm\data\Hgopgkr\Cpuwjpu-606\,,,152 dpi
231,Sphagnum,,2015/03/04,\Uozldsr\Sfhxrtc\data\Xiwfckc\Hktxvnh-544\,,,93 dpi
232,Silver July Croton,,2013/06/09,\Sorqiam\Lunsmyi\data\Xemkbmm\Zljzlxb-447\,263,,
233,Broadnineleaf Biscuitroot,,2011/10/14,\Vkkkxzr\Enqmohw\data\Fhiclfl\Rxbcpgr-568\,165,,
234,Pacific Dewberry,,2016/08/29,\Ojbqchc\Difvtkr\data\Abhofyl\Yeuqymn-321\,12,,
235,Zion Buckwheat,,2019/09/05,\Nkxubka\Fzdppfr\data\Ixqwcwh\Gubqplm-820\,67,,
236,Cleveland's Beardtongue,,2012/10/15,\Lghtnzw\Yeobrrq\data\Bkfsene\Bilvako-555\,,,885 dpi
237,Phaeographina Lichen,,2018/07/12,\Egkmvto\Bddeydf\data\Mcvljlq\Xobkrxl-030\,,23,
238,Blinding Tree,,2017/01/08,\Ocnsfgw\Arfzjtv\data\Jobixxt\Zjkmbud-960\,,,51 dpi
239,Brightblue Speedwell,,2017/06/17,\Gjuzlky\Zjgkfmj\data\Ricnsys\Lngjjww-060\,283,,
240,Threeflower Snakeweed,,2019/01/16,\Seaagmc\Ivrgnrt\data\Veidlep\Lwaltrv-748\,119,,
241,Sicklekeel Lupine,,2018/01/18,\Ejzktcq\Yidywqy\data\Ftsicge\Ecbvwta-668\,,24,
242,Slimleaf Ticktrefoil,,2020/07/10,\Onzwrcy\Ahtynsl\data\Zieqvhp\Vskpzcc-732\,,23,
243,Lecidea Lichen,,2020/05/29,\Tvnncgd\Blfzyla\data\Abhigig\Kvzyzru-125\,257,,
244,Tall Ironweed,,2009/11/14,\Fpdhahz\Watbvci\data\Wvequsz\Cgkalym-279\,,10,
245,Satincurls,,2014/07/15,\Rdlddvn\Fiesvve\data\Itoexhy\Gqwfeoo-861\,78,,
246,Pursh Seepweed,,2016/09/10,\Ybgnbzo\Npgmvyg\data\Bmqmjmk\Uxfjbel-034\,,21,
247,Subalpine Fir,,2017/05/19,\Gmzdftc\Dpruvpd\data\Ibxtygo\Bykxegk-414\,,,05 dpi
248,Ione Buckwheat,,2019/01/27,\Aoarlab\Maynkeq\data\Ybqfznw\Twoguzg-618\,83,,
249,Graham's Willow,,2018/03/10,\Bcrdnlw\Oildatr\data\Rjnxevh\Qpjpqvk-653\,102,,
250,Morton's Canadian Milkvetch,,2019/05/31,\Mcelqbs\Bzjjjep\data\Cranrrh\Gwggkru-676\,113,,
251,Alps Wormwood,,2013/04/04,\Eeyvgtn\Ebrhjjk\data\Ypvucbw\Mbfwfkq-092\,97,,
252,Robust Oak,,2011/12/21,\Kfaikgk\Mkfsadp\data\Ooixyyz\Cdmwneu-405\,,,65 dpi
253,Ledge Stonecrop,,2014/02/18,\Vhpnhkg\Wknldaa\data\Pssbqvj\Codimfz-921\,,,287 dpi
254,Giant Lousewort,,2010/08/13,\Ggidmfz\Xxoeclk\data\Ceavgek\Wawzlde-493\,146,,
255,Lesser Meadow-rue,,2011/03/18,\Jnnykjy\Gxmhdvv\data\Hdsbwso\Qedpksh-474\,,15,
256,Hybrid Oak,,2019/03/08,\Xqfbhnm\Udebgba\data\Jqypymo\Debwprq-686\,167,,
257,Needle Lichen,,2019/10/29,\Zqrfxie\Fpoyjxo\data\Uoeequp\Uvwepuh-847\,,18,
258,Creeping Sage,,2010/02/22,\Tbcwjfq\Dnhozcp\data\Meaikip\Idjkbve-308\,,8,
259,Thornber's Buckhorn Cholla,,2018/06/04,\Xezhyex\Mlxcswb\data\Uscwdha\Henvupz-498\,,,568 dpi
260,Bristlystalked Sedge,,2009/11/11,\Jwdprnn\Oywzyqd\data\Capibud\Tlohcfp-567\,,11,
261,Black Spleenwort,,2017/07/13,\Gmyndhq\Hcuruii\data\Fmfdslf\Nqitury-084\,,,07 dpi
262,Needlegrass,,2016/08/13,\Guaxymr\Ddzdsux\data\Bqvudyk\Lrdmobq-229\,123,,
263,Coast Range Stonecrop,,2018/01/27,\Aabggvf\Auioxux\data\Vezteoh\Yewhque-390\,,,85 dpi
264,Little Bluestem,,2018/12/10,\Tdwmhdu\Hkrwqmb\data\Kjuowdb\Ycukmup-371\,316,,
265,Jones' Linanthus,,2014/07/16,\Sjwrhjn\Emzfsnl\data\Krgbgjs\Ygzieaa-093\,273,,
266,Gypsum Blazingstar,,2013/06/22,\Yptdqor\Fvstcsf\data\Viuqgem\Tzauijn-704\,,,52 dpi
267,New Mexico Milkwort,,2019/09/14,\Gexthwo\Uoetxnk\data\Dblmnml\Xewkkjl-471\,217,,
268,Hancornia,,2011/09/27,\Isdaozf\Rfrhzso\data\Ndjrrmu\Xrjhtoi-784\,,4,
269,Richardson's Geranium,,2016/01/31,\Ejhzxwl\Vjjfyim\data\Ijqdmto\Guuctqk-042\,326,,
270,Scurf Hoarypea,,2018/06/27,\Gwhfefa\Zbmdppn\data\Biwjtvf\Xephfet-069\,90,,
271,Stalked Wild Petunia,,2011/03/18,\Ypjruvq\Dtfqrbo\data\Qdzfggt\Selqzog-792\,258,,
272,Cyanea,,2013/06/12,\Gqkpgrc\Gtfasiz\data\Omzjvpw\Ynmiqow-671\,,6,
273,Waxleaf Penstemon,,2010/04/05,\Ymippnf\Dicrbhm\data\Quzlhww\Quwwwrl-920\,,16,
274,Asahinea Lichen,,2015/01/24,\Imsotkt\Zaatcbt\data\Bqnmsba\Papeoij-158\,78,,
275,Whisk Fern,,2012/11/02,\Jjaevsy\Ldjcqfp\data\Gpwipqt\Bdnraeg-101\,,,06 dpi
276,Common Lungwort,,2011/11/14,\Zdwhvpa\Jzqsukg\data\Afmxzfw\Izwlxdm-561\,300,,
277,Fibrousroot Sedge,,2016/04/15,\Abiaoyo\Xiraksu\data\Cjipppz\Obbvcuk-068\,,,27 dpi
278,Matted Lichen,,2013/03/27,\Tlzfwyn\Vbjaikn\data\Ddgbbsw\Vcelcqd-059\,29,,
279,Bryum Moss,,2011/10/09,\Xwztdto\Zodxywx\data\Bpsyaac\Ajbgiyk-866\,194,,
280,Venus Flytrap,,2013/02/02,\Fodbnps\Iveimqz\data\Bvhvove\Nancylq-364\,36,,
281,Olympic Mountain Ragwort,,2011/11/12,\Trqnnnm\Qtliiik\data\Mczijgu\Qjicuxb-747\,,16,
282,Minidoka Beardtongue,,2018/11/30,\Tifuvuf\Nlhfqgr\data\Eeiwwoi\Bwywsbr-145\,205,,
283,Giant Miscanthus,,2011/09/19,\Cuktmho\Tsteztb\data\Imrkxuo\Tycyoid-281\,,,83 dpi
284,San Antonio False Foxglove,,2014/03/01,\Dowkllx\Fbkkeyf\data\Lpqyobk\Jlicrba-299\,276,,
285,Entireleaf Spiritweed,,2010/01/28,\Kgpdwdi\Dftxqyu\data\Zeflcgf\Ruuivww-991\,,20,
286,Purple Chinese Houses,,2017/01/09,\Uwnntps\Vgoruml\data\Gyvhsag\Bllhfxw-866\,,20,
287,Snapdragon,,2010/12/08,\Wpyufvi\Yipldtj\data\Ilhnlcj\Snxwiau-266\,,8,
288,Bullwood,,2010/09/18,\Esbyvrl\Zgqlgmx\data\Dcnraim\Daswbxx-148\,,9,
289,Wand Lessingia,,2016/07/23,\Dtvpnqg\Lanpbhy\data\Jiilxnm\Puzncqh-206\,30,,
290,Black Sagebrush,,2018/09/24,\Jkthatr\Ieddpjb\data\Nahlqru\Cgypsfc-427\,108,,
291,Waxberry,,2020/07/10,\Udkyerp\Gzsrwxl\data\Otafkzo\Icpffce-326\,38,,
292,Texas Lupine,,2018/11/05,\Fqdmfvl\Szgcwmh\data\Vxkbacb\Fbesvfy-856\,,,798 dpi
293,Blazing Star,,2010/03/18,\Esoisdg\Hgagkdy\data\Olhtmcd\Lsbuswl-880\,,4,
294,Schiffner's Panicgrass,,2020/09/18,\Mobeyhp\Udhlyas\data\Nuzhizd\Hebtrwt-220\,,,527 dpi
295,Rimmed Lichen,,2019/04/21,\Ejrqwsm\Maxmsxs\data\Mjnwxst\Tvpwzcw-250\,,,87 dpi
296,Na'ena'e Pua Melemele,,2012/05/15,\Kwtzlad\Ntbttgd\data\Xsyqfba\Naottmg-863\,,,07 dpi
297,Tahitian Gardenia,,2016/08/31,\Eevhprw\Eislmyc\data\Vtyxgek\Cydaqaq-907\,,,680 dpi
298,Bursera,,2013/07/09,\Izestmo\Injjmpx\data\Ootblgt\Jafnagl-525\,45,,
299,Idaho Bladderpod,,2019/01/28,\Wwleudz\Bgejftt\data\Prgtbzr\Wlxpwgi-665\,324,,
300,Pineland Plantain,,2020/09/24,\Zekqqnd\Qpikbct\data\Xkqctzd\Fxfopxj-548\,,22,
301,'ohi'a Ha,,2017/08/01,\Erlivmg\Bpjvihq\data\Bnltanu\Afbyoaq-778\,158,,
302,Low Sphagnum,,2015/11/26,\Lonyyov\Hgaykuq\data\Agjuqbe\Uesukbc-239\,137,,
303,Ratany,,2019/11/10,\Obqpdez\Cqoczcz\data\Usyxake\Ntxzubn-573\,,17,
304,Furniss's Phacelia,,2010/03/08,\Zelmqke\Mbzsfgn\data\Jvnywgi\Vpbpoiw-130\,307,,
305,Sand Verbena,,2010/06/20,\Dyyxdgw\Wvljqgw\data\Qwwqdjj\Sgatiqv-034\,,,625 dpi
306,Riverside Spineflower,,2011/11/23,\Dbmnccs\Wguzmnj\data\Usfabcg\Zoplxjd-360\,246,,
307,Wayfaringtree,,2016/01/07,\Djfwasz\Urqasen\data\Wrvcorl\Vqpznqn-059\,,,442 dpi
308,James' Buckwheat,,2010/08/11,\Zjuvsbo\Hbswcrg\data\Egdsrvr\Nweijuv-005\,,,96 dpi
309,Silver Linden,,2015/09/30,\Xuzndno\Iusojsu\data\Hikfzsv\Outujlr-536\,326,,
310,Huachuca Mountain Milkvetch,,2013/04/01,\Suucpmo\Ykkkbrk\data\Xeonjlp\Hcnqlfj-691\,,,962 dpi
311,Upland Swampprivet,,2015/08/16,\Fscksxc\Omylaun\data\Ikggutj\Tjqyvwi-499\,,7,
312,Chalice Lichen,,2010/07/05,\Pmrlxom\Tibbflw\data\Qvlgefu\Kiwawzs-196\,303,,
313,Nuttall's Toothwort,,2015/07/23,\Bmdxdzj\Anqjgbo\data\Mhtkcfj\Lbvlidc-694\,,,489 dpi
314,Script Lichen,,2013/01/27,\Vlvzlpv\Mvovbov\data\Qdalorh\Nvzpcfc-837\,176,,
315,Holzinger's Eupatorium,,2018/08/27,\Ynjrtbj\Bqokufr\data\Xbfhcai\Qnvjhde-836\,89,,
316,West Indian Dutchman's Pipe,,2013/08/29,\Skgynjf\Otmhmso\data\Pcvqscv\Yttufqe-964\,270,,
317,Ragged Pink,,2016/07/07,\Jpcfaan\Pmlsmzc\data\Iifllpu\Ajtejzv-329\,131,,
318,Phryma,,2017/07/07,\Dqkcjgz\Giuwzup\data\Lqyrcux\Xpopyey-639\,76,,
319,Talus Collomia,,2010/09/29,\Vlqivei\Lhtbxhk\data\Oqxaevk\Rylealk-245\,,,666 dpi
320,Melanelia Lichen,,2014/05/24,\Oschkah\Mrrojsa\data\Ufujoym\Zmzhafk-560\,,,574 dpi
321,Greenflower Nipple Cactus,,2019/01/22,\Hbgrqyn\Xkgqoey\data\Wmzfdtm\Dazfkyb-532\,69,,
322,Chocolate Lily,,2011/05/05,\Egamwmt\Fyccjoq\data\Cpcpxlv\Fsvcgjk-865\,,16,
323,Purple Rattlesnakeroot,,2018/06/01,\Wxnigse\Kntjvay\data\Wulmwhe\Qlgfhnw-438\,,5,
324,American Alumroot,,2015/05/11,\Zfviwus\Eclhhsp\data\Yuhcyaa\Uzwifmm-405\,,,85 dpi
325,Trask's Cryptantha,,2018/02/20,\Mpqbrmv\Cwbxfpu\data\Ytnzmvg\Sggirzp-468\,,20,
326,Malaysian Apple,,2014/09/19,\Bsqduxm\Ltjscxj\data\Ornlovc\Fcblgwm-119\,155,,
327,Needle Lichen,,2015/06/07,\Akewnpi\Wcryxps\data\Xossgbf\Dkrryni-285\,352,,
328,Hophornbeam,,2019/01/30,\Cbputcb\Dsvtked\data\Ykptzwc\Hrlvtvq-694\,147,,
329,Nail Lichen,,2014/05/25,\Qbrgbkh\Wxxelii\data\Hkycsvj\Zlkedvk-567\,,,354 dpi
330,Fieldbriar,,2013/11/14,\Rhfsmyd\Nvwxcly\data\Nbumytv\Ulwjgny-734\,204,,
331,Walnut,,2017/04/18,\Fwdften\Kxjocsz\data\Nidtwfm\Cefraoe-771\,,22,
332,Britton's Centaury,,2012/06/22,\Qbdmlne\Fkplcuu\data\Uepavsd\Pzjefah-308\,177,,
333,Sea Hibiscus,,2010/01/16,\Fupmbhh\Ngpdwwa\data\Ixmwdrc\Alxobfh-843\,,,15 dpi
334,Silkleaf,,2012/03/17,\Oqufjph\Duirqxj\data\Htaawqk\Bvjctmc-129\,,,08 dpi
335,Broomleaf Toadflax,,2014/07/12,\Gcgwkjc\Ivruayt\data\Ommgche\Hhghaym-077\,,,97 dpi
336,Macdougal Verbena,,2019/02/06,\Srqpplt\Mwhwowv\data\Bgcjddz\Erlgpss-302\,,17,
337,Forked Wormwood,,2011/03/05,\Mwxyqaa\Utvsntp\data\Bdzfrcm\Tdorztq-370\,,9,
338,Green Stoneseed,,2020/01/24,\Qcvsyle\Qqrcwuz\data\Tnjevda\Vnyeagf-264\,,,35 dpi
339,Coastal Carolina Spiderlily,,2020/01/05,\Xruxczv\Zsnsflu\data\Qpkimow\Ewkffip-164\,,21,
340,Mariposa Manzanita,,2013/06/06,\Aectxdj\Tqeefeh\data\Chalamw\Kgyjlik-695\,,,42 dpi
341,Smith's Mint,,2017/12/26,\Lpwuiqg\Vkkawdd\data\Dcubfbh\Zgmlcel-008\,,,945 dpi
342,Broomweed,,2019/08/31,\Hcjqhti\Wahyaki\data\Jhhudgj\Upwmfkj-340\,214,,
343,Hairy Umbrella-sedge,,2020/02/14,\Jrljwei\Yjyevcs\data\Gfjqxdt\Cunrrln-576\,128,,
344,Roccella Lichen,,2013/04/27,\Hshwhsw\Pingpie\data\Foaufbi\Dxiwxrs-992\,,21,
345,Poole's Starviolet,,2017/08/03,\Fmjdgyz\Haajpnw\data\Zbzcmjs\Acmyrta-765\,,5,
346,Fourflower Yellow Loosestrife,,2017/10/11,\Fyrxuev\Ozuedox\data\Kbxfqll\Lvhqjqp-089\,,7,
347,Geysers Panicgrass,,2017/07/07,\Qzhykjs\Oplavog\data\Gokbpiz\Pbedcui-175\,,19,
348,Littleleaf Brickellbush,,2014/02/25,\Yvfbfwm\Jemywgb\data\Miqwjzb\Tzabnrf-697\,,11,
349,Bijao,,2015/02/07,\Cdaslhe\Ojtrkff\data\Rnckstn\Gwgmlrn-838\,28,,
350,Leafy Fleabane,,2017/09/14,\Hwltugz\Uiwcnwb\data\Tbmfano\Nlpyecb-051\,,15,
351,Serpentine Bedstraw,,2011/09/03,\Povhnxb\Ixfrupb\data\Lqqtmxm\Ofrzmxd-420\,,,21 dpi
352,Aulacomnium Moss,,2017/12/26,\Jpmjvyy\Xksibhd\data\Tduchry\Bkradze-672\,54,,
353,Dwarf Naupaka,,2015/02/20,\Axjnpnj\Ldhjsbq\data\Hrobxlq\Ptfkuks-386\,253,,
354,Bigelow's Willow,,2016/05/29,\Rxdrbja\Ponkuyy\data\Qtrrjfu\Kauiuek-487\,,,669 dpi
355,Alkali Milkvetch,,2018/10/28,\Ksbawwj\Lnuldzm\data\Avtsrck\Spqrjgk-067\,,15,
356,Pale Evening Primrose,,2013/09/24,\Wytpypn\Zlpcogv\data\Rmkpjpw\Kflnkpx-207\,,24,
357,Thickleaf Pepperweed,,2016/04/21,\Sqslqcj\Nydzgod\data\Pwrdccj\Jztxiuv-508\,,,35 dpi
358,Sphagnum,,2014/07/22,\Rkxgdox\Xtmlbix\data\Hjrrxlw\Lcwgdbq-228\,,,25 dpi
359,Falsegold Groundsel,,2011/01/10,\Srxhwzj\Wybrrry\data\Ucnvdrw\Ncaqyhs-160\,,23,
360,Cushion Cryptantha,,2020/09/09,\Nzlgbzh\Nxxktir\data\Ogruexc\Nckekzp-993\,211,,
361,Trampweed,,2019/02/01,\Orxapou\Kczlwyw\data\Dwkaqia\Njzmbzl-919\,,20,
362,European Woodland Sedge,,2019/09/25,\Wfxljit\Owcccfb\data\Fnguvxn\Ngnklrv-307\,,18,
363,Serpentine Erigeron,,2011/12/13,\Txslqli\Ukzkree\data\Sxsydfp\Jbqujce-518\,,4,
364,Meliosma,,2020/06/23,\Okbnsuh\Qupgifw\data\Psrryff\Mhnumck-968\,312,,
365,Woolly Beachheather,,2018/04/26,\Begtcgo\Ptoqkxa\data\Ajrsjmq\Lyvnrio-847\,,8,
366,Bergia,,2015/06/24,\Kmrxwox\Nbjfcii\data\Rewqill\Nohfpzr-332\,,24,
367,Ontario Goldenrod,,2013/07/02,\Lcqzcwv\Nueshrm\data\Dxevzzf\Xepjcef-142\,,9,
368,Duke Hawthorn,,2011/10/14,\Qlcrjkh\Yvnvjzy\data\Aruaacz\Gevogpc-997\,,,90 dpi
369,Henderson's Currant,,2014/05/27,\Qmqlznx\Honqvww\data\Hcbcolo\Kbdkeaj-816\,,4,
370,Cootamundra Wattle,,2019/12/08,\Swblfke\Wifxqof\data\Pvjmerg\Relnavt-561\,328,,
371,Haleakala Starviolet,,2015/02/27,\Jkyrqkm\Pgepwkv\data\Saaxrpg\Uqnyrhd-085\,234,,
372,Whitehair Leather Flower,,2013/03/24,\Gzdatxp\Kmmnkge\data\Bsjzejn\Afgkupf-209\,,23,
373,Douglas' Silverpuffs,,2012/09/08,\Zonyupw\Zwvksan\data\Iupuoak\Pfnqrzy-869\,231,,
374,Pammel's Oniongrass,,2016/04/28,\Fitqobm\Ngcghlo\data\Kpwnxjw\Yqiserf-390\,349,,
375,Broomcorn Millet,,2012/09/30,\Rizvbpj\Psbtfjs\data\Ncapkqw\Jybobgc-155\,,5,
376,Baldwin Lake Linanthus,,2018/10/09,\Ytoucca\Gyowycg\data\Eyixukt\Anwggkf-128\,,4,
377,Fourpart Phacelia,,2019/10/21,\Jcprobw\Xrrfkhw\data\Deqmaoj\Zrduhqe-136\,,,888 dpi
378,Brazilian Copperlily,,2015/12/10,\Toycxhc\Wemjyhs\data\Abluzab\Zmvgqvr-525\,165,,
379,Pineneedle Toadflax,,2016/09/18,\Hbvgjqg\Eqiyugn\data\Kluptjb\Baqpakn-733\,,12,
380,Steiner's Lecidea Lichen,,2015/09/09,\Stjatej\Fvjezvw\data\Pjxugja\Ekrmmbr-871\,,20,
381,Feltleaf Willow,,2011/04/20,\Aubnich\Fboahib\data\Sjvlbgd\Fqrgilb-547\,,12,
382,Arizona Cinquefoil,,2011/02/16,\Uxfgtsm\Xetuxdp\data\Uqwcwkf\Qpdgsod-322\,,,653 dpi
383,Leafy Fiddleleaf,,2016/02/14,\Hphurta\Titqufn\data\Qlapmjv\Yksadao-366\,132,,
384,Mustang Grape,,2018/08/15,\Qkuhooq\Fdvfhcx\data\Buctryf\Keaioys-870\,,,81 dpi
385,Reverchon's Blazingstar,,2018/06/09,\Guvfvzi\Crcifjz\data\Huwbaoh\Ufdbsqi-217\,,,49 dpi
386,Alkali Centaury,,2016/04/19,\Pffoxkv\Bstjuef\data\Jqzmpaz\Stmsazw-957\,,7,
387,Cattail Grass,,2015/04/26,\Rwgmlll\Bryuyqj\data\Lczgrrv\Oeypdwh-703\,,4,
388,Alpine Shootingstar,,2015/07/18,\Wpqnoui\Gdwraym\data\Pirpqxh\Ehvkieu-945\,,,65 dpi
389,California Laurel,,2016/04/18,\Tdzpadl\Rskgkyx\data\Brqryvl\Whxxwno-943\,,,35 dpi
390,Cyrtandra,,2017/10/30,\Hbsutoj\Poedsds\data\Mdjzzul\Djsvfrp-102\,,20,
391,Pineland Goldenaster,,2013/05/22,\Ctfcadl\Dumwwjo\data\Rbwhbpe\Naevtby-838\,,16,
392,Bailey's Dewberry,,2019/04/29,\Nwfcmuq\Ohdtzln\data\Fwngpdz\Wpfdxca-016\,70,,
393,Havaas' Navel Lichen,,2015/01/24,\Bfmzeyi\Fklwran\data\Zzsvjhw\Brrepzj-756\,256,,
394,Redstar,,2016/04/08,\Lizaxty\Cplldcq\data\Wldesrn\Gcbeebx-297\,,,677 dpi
395,Catchfly Prairie Gentian,,2012/07/12,\Laaxrqr\Aftcast\data\Tsdjmlk\Wrbvpys-055\,,,556 dpi
396,Mexican Yellowshow,,2016/12/10,\Bxdvrru\Ofjwoos\data\Ejiytvk\Gildacv-355\,311,,
397,Mountain Sage,,2012/08/31,\Jftbcxq\Qgflvho\data\Xyhmnsc\Uehknyw-199\,,20,
398,Carline Thistle,,2013/05/14,\Msngibw\Cwzoups\data\Hljutir\Mpfgfjm-413\,222,,
399,Hard Treefern,,2017/03/02,\Jcyfusb\Fgvlhns\data\Bytpury\Yzkilbj-817\,,,629 dpi
400,Crystal Springs Lessingia,,2010/11/24,\Clateda\Didzdgp\data\Dupdhkm\Hmwegkt-808\,317,,
401,Littleleaf Greentwig,,2016/11/12,\Cmioqyw\Urryliw\data\Zelrlrw\Ozxdsrf-638\,152,,
402,Miracle Fruit,,2017/04/14,\Bxumrvl\Jyeqctf\data\Uqzymuo\Ebdwnuw-823\,,10,
403,Northern Purple Pitcherplant,,2017/11/06,\Tccnese\Gjsmfvv\data\Uycvpkm\Awfzpht-902\,250,,
404,Clustered Goldenweed,,2019/03/31,\Knytgnh\Eyvnyul\data\Bdiwwef\Lwefakj-516\,,,60 dpi
405,Twisted Sedge,,2016/09/19,\Mhscduf\Tbsruoz\data\Ufwpwcf\Acxxuaf-805\,,,92 dpi
406,Country Indian Paintbrush,,2016/05/24,\Tthzcdo\Wgwbqep\data\Xrhytyi\Enxvhbc-280\,175,,
407,Nuttall's Rayless Goldenrod,,2011/05/08,\Caefltr\Mkbfzht\data\Divkdcv\Glilsqa-899\,,,39 dpi
408,Darkbrown Sedge,,2011/11/24,\Oewrksg\Lkgitod\data\Fukungj\Ukerqmk-976\,,25,
409,Tutwiler's Spleenwort,,2020/02/11,\Bkuufny\Woipxog\data\Uxrygbs\Vxdgkvo-526\,,18,
410,James' Waterlily,,2017/06/01,\Tsckyou\Quhqoil\data\Ozsjzge\Lpjtqlb-575\,,22,
411,Florida Mock Orange,,2019/05/21,\Vnxirrf\Etqjbzj\data\Naedjae\Chauxdv-100\,,11,
412,Horsehair Lichen,,2010/09/06,\Vimgfgr\Dfuswiq\data\Vwrluap\Bcbqlqs-731\,144,,
413,Marshland Muhly,,2011/08/30,\Qhyqaeq\Emnqptg\data\Pycheny\Mnweeko-341\,169,,
414,Wart Lichen,,2016/07/23,\Rvcxfws\Hocksec\data\Cqinmah\Lyyykeg-191\,17,,
415,Torrey's Yucca,,2012/11/14,\Ongzqvv\Sdidjvc\data\Bntnayg\Zrcfzrq-788\,,,12 dpi
416,Spinach,,2010/05/16,\Jxekoqh\Oggehgi\data\Qslaknl\Lcrgdpb-639\,,6,
417,Buttercup,,2016/08/20,\Aammhhn\Ntpoewe\data\Fzfiwwb\Vjlhvah-927\,168,,
418,Robbins' Spikerush,,2013/05/24,\Utffraz\Qkibwwh\data\Pnfiqnp\Pptodnk-219\,,19,
419,Redgum,,2020/05/11,\Fsllbfu\Mhjxwxt\data\Uhdmadz\Ouzbsto-531\,93,,
420,Flyweed,,2013/04/12,\Vsdpaun\Qemrupd\data\Duzqqmq\Aspdsgq-086\,,,40 dpi
421,Floerkea,,2014/05/21,\Axcamjb\Ujlvkxx\data\Zadkgur\Dxnyfbq-442\,80,,
422,Bluejoint,"Sed ante. Vivamus tortor. Duis mattis egestas metus.

Aenean fermentum. Donec ut mauris eget massa tempor convallis. Nulla neque libero, convallis eget, eleifend luctus, ultricies eu, nibh.

Quisque id justo sit amet sapien dignissim vestibulum. Vestibulum ante ipsum primis in faucibus orci luctus et ultrices posuere cubilia Curae; Nulla dapibus dolor vel est. Donec odio justo, sollicitudin ut, suscipit a, feugiat et, eros.",2012/09/03,\Arohmzj\Aqddqhz\data\Thfwywc\Xfgjlkc-169\,349,,
423,Umber Pussytoes,,2020/03/25,\Axbnkvd\Gqyvrsm\data\Kajsytf\Gupsdas-902\,315,,
424,Littlepod False Flax,,2019/10/27,\Ccphkqs\Vwzkqvk\data\Nolpgfq\Vqkzmbb-499\,321,,
425,New York Fern,,2018/12/27,\Pccyyhl\Cmrewgc\data\Dqzzzst\Mrhxosm-753\,264,,
426,Bristly Lovegrass,,2018/10/17,\Ebtfusu\Bybssbg\data\Dgqaoob\Lqppfjd-134\,,,900 dpi
427,Mosquito Bulrush,,2012/03/02,\Mfkqfyc\Bejbfkr\data\Olfhlgh\Lpavvom-137\,36,,
428,Kuleshan Sarcogyne Lichen,,2010/04/01,\Bhvpivi\Gjskika\data\Gtiiqtr\Xfcvouy-119\,137,,
429,Parry's Wirelettuce,,2017/03/11,\Fyqpmpk\Obiufru\data\Nuovbfb\Oiqlvgo-768\,,6,
430,Doctorbush,,2020/04/06,\Gsnxzca\Kzrptvg\data\Oqijczf\Dckfebq-075\,305,,
431,Volga Fescue,,2012/12/11,\Itxbtuv\Xptskty\data\Ttqqusk\Ftbgqhf-397\,221,,
432,Parmotrema Lichen,,2010/04/25,\Lbkqrtc\Ermoifh\data\Yzjramc\Suqaeka-870\,170,,
433,Golden False Beardgrass,,2016/03/15,\Ydoxvmq\Yebabhl\data\Akcjaji\Cihjanj-178\,147,,
434,Mountain Lovegrass,,2018/10/29,\Trtearl\Ffrkqnn\data\Sjvarwl\Gvbdulx-549\,5,,
435,Hybrid Violet,,2011/12/22,\Nmuojxo\Gquhngg\data\Kcuqilk\Mkpuayp-321\,,,795 dpi
436,Wyeth Biscuitroot,,2016/11/01,\Ktajsso\Iisxgrb\data\Outohvd\Yprajpd-389\,34,,
437,Hybrid Oak,,2018/11/11,\Yzwitdg\Tmbrdzs\data\Bftsmqi\Fxsuecd-159\,185,,
438,Stiff Maiden Fern,,2014/08/15,\Acvmgsr\Mtasyhe\data\Rzppcgv\Ceymixt-118\,,,37 dpi
439,Richardson's Phlox,,2010/03/04,\Gmmivcq\Syirxzl\data\Ynikzqo\Jmzsoef-769\,,,54 dpi
440,Bulb Panicgrass,,2020/07/02,\Ohnfnfb\Xmphcgl\data\Zrnrvdz\Jguknoi-058\,163,,
441,Autumn Dwarf Gentian,,2013/08/31,\Hachayt\Vxlasph\data\Bmabvgl\Rblycum-384\,,12,
442,Spanish Cherry,,2018/03/15,\Gzpztam\Cntzdjk\data\Qrgabaa\Trzcgnc-975\,,,92 dpi
443,Cobaea Beardtongue,,2017/08/13,\Kpzmxdu\Ueadrpa\data\Gegrwus\Tnvypcn-962\,98,,
444,Protoblastenia Lichen,,2010/07/15,\Ldubqoe\Udtfpze\data\Lezhmsn\Ipmeaaz-521\,4,,
445,Orange Lichen,,2012/03/20,\Deazgnf\Wbrladx\data\Mdxpskr\Kscfode-888\,15,,
446,Norway Bryoxiphium Moss,,2020/05/06,\Eumzceo\Eccnlel\data\Ejvbudp\Xuwkews-459\,103,,
447,Japanese Red Pine,,2010/10/03,\Fswufpe\Ajfhlou\data\Wboysrs\Vmviizd-509\,,,113 dpi
448,Large-leaf Yellow Teatree,,2015/04/13,\Rsarrhy\Hptiybb\data\Bxtbcrx\Ulvftfq-863\,96,,
449,Red Bluet,,2010/10/31,\Wsgoxkh\Dpvrime\data\Bwcjdxl\Wveemwl-440\,147,,
450,Longflower Tobacco,,2010/11/29,\Pfoscow\Uofkuzj\data\Nmfjgwt\Fxnnbnz-824\,294,,
451,San Benito Spineflower,,2013/07/05,\Aiyrjbo\Bprshlx\data\Aaqlvfv\Myvtcxv-485\,,,234 dpi
452,Pandanus,,2016/01/30,\Vgatqea\Gqvbmby\data\Beqoevu\Ayitzqg-301\,119,,
453,Belonia Lichen,,2011/06/27,\Viynpqj\Dvmdlki\data\Psuwrzp\Jooqipz-648\,,,647 dpi
454,Yellow Monkey-flower,,2012/12/07,\Lfcfzji\Paxyceh\data\Yzljcnn\Xtvpbed-140\,,19,
455,Isely's Stickpea,,2010/01/18,\Xoqmfzh\Rrxesnw\data\Bmplelp\Vksgtdq-915\,,5,
456,Mogollon Mountain Draba,,2014/08/28,\Pisnsyz\Tqbforl\data\Mwhjygi\Mpsmjkp-855\,98,,
457,Roseta,,2019/11/22,\Hzocdrk\Arrerhf\data\Xcygnuh\Ripjiyc-151\,,,08 dpi
458,Wilhelmsia,,2015/05/18,\Anjkuir\Ogluppk\data\Easumva\Lmruxub-469\,22,,
459,False Fiddleleaf,,2018/10/15,\Xdlhthq\Yaebqop\data\Rzvawvs\Gcgozfd-485\,84,,
460,San Bernardino Mountains Liveforever,,2014/05/29,\Xhepaxd\Sdvauwy\data\Twgqcpc\Fcppvnj-458\,,25,
461,Wright's Nipple Cactus,,2012/01/24,\Kjkwwny\Vpfablm\data\Lambzxc\Bcmtecf-089\,,,63 dpi
462,Funston's Saxifrage,,2016/09/22,\Kqucrlg\Pknieca\data\Hfsdwkj\Jihklsn-655\,20,,
463,Bunge's Hackberry,,2016/06/25,\Hitewon\Lvlkaqo\data\Vfxozfs\Kzztsge-618\,49,,
464,Stemless Evening Primrose,,2013/01/14,\Meezljr\Emjtepe\data\Zcifauc\Kefsfri-586\,,,86 dpi
465,Black Locust,,2017/01/11,\Dgonoxn\Giecosa\data\Csfuqjo\Zuduhiv-624\,334,,
466,Monterey Ceanothus,,2019/08/24,\Gcosgdy\Ioffujh\data\Ejerswn\Izbtkwf-481\,,18,
467,Smokebush,,2017/06/11,\Ubjrjox\Vxhlapt\data\Bfpvhtp\Wxawjaq-758\,,24,
468,Hairy Bonnet Orchid,,2011/08/07,\Odgqiok\Omjshsq\data\Kktsncu\Gzanywm-313\,161,,
469,John Crownose,,2013/05/12,\Ehazwwg\Dzdhrjr\data\Wiwguza\Iaksbob-568\,,,546 dpi
470,Chondrilla,,2010/03/27,\Piosryp\Osihdku\data\Hoixkpk\Bdxnlix-567\,,,742 dpi
471,Dwarf Checkerbloom,,2013/10/25,\Ftyobds\Erdljnc\data\Drwodub\Wjokavg-625\,,,10 dpi
472,Ale,,2018/05/13,\Hzshgjr\Nrroemc\data\Buiwoav\Tjelyrb-612\,137,,
473,Kuroiwa Grass,,2019/07/14,\Wbujufd\Lsoxzeg\data\Vbrutpb\Vcthhuk-881\,,,098 dpi
474,Ashen Milkvetch,,2014/06/05,\Rwotsmj\Qwtnmjd\data\Lrncbai\Lplkueu-186\,,,626 dpi
475,Shortstem Lupine,,2011/04/07,\Htqczpr\Pfbnent\data\Rrxicuj\Xqwbvdf-312\,,22,
476,Compact Pseudoleskea Moss,,2016/01/18,\Bpkinbj\Dgeqdja\data\Cortcvy\Chzgneg-422\,,10,
477,Buff Fleabane,,2015/06/03,\Rqsqflw\Ehrkypc\data\Bodmkss\Larvsrz-411\,,,169 dpi
478,Cliff Fern,,2015/09/04,\Yaihnsm\Jmwtlfz\data\Vuktpqy\Kgxxsyz-285\,,,809 dpi
479,Red Dahlia,,2010/06/27,\Utzvwkj\Fmyffli\data\Sdtwpwp\Boxqnag-140\,343,,
480,Torrid Panicgrass,,2010/08/10,\Cirwlws\Xbomwza\data\Sarhzkt\Drxschj-820\,,,327 dpi
481,Meadow Alexanders,,2015/10/26,\Lrkekmy\Gmrjcvl\data\Tmdzcwg\Tszgoez-927\,138,,
482,Kristinsson's Felt Lichen,,2012/06/07,\Kfvjbhq\Wmettae\data\Drtegit\Yfpvgnq-928\,,12,
483,Canadian Blacksnakeroot,,2011/10/11,\Ggocqyf\Tjjiasx\data\Rwpvbsm\Isnxzqv-488\,,15,
484,Aiphanes,,2017/03/30,\Icffsoz\Pmrvnms\data\Pqfrwqv\Zvbozzm-164\,,,46 dpi
485,Canadian Milkvetch,,2015/03/05,\Kbdqtze\Nbjrntb\data\Aompvyq\Sjorwyd-974\,45,,
486,Clearwater Cryptantha,,2015/03/20,\Krsvzxa\Tzspqme\data\Pieudzl\Ngfhdgh-175\,,,316 dpi
487,Carter's Pinelandcress,,2012/05/12,\Umdsdka\Yodtdac\data\Bdthptb\Luxrwkf-128\,,5,
488,False Amaranth,,2019/10/15,\Pcfhaik\Emllxoh\data\Cvdecys\Greiztw-709\,,,206 dpi
489,Water Soldiers,,2017/09/10,\Bhyhjip\Nnodupl\data\Cqnwtud\Gqtoncl-638\,242,,
490,Sedge,,2015/10/21,\Ilgunry\Sjfdfhi\data\Xqluygh\Riexcyi-185\,195,,
491,Everglades Greenbrier,,2020/05/21,\Fxtudyy\Ffbdzgh\data\Pclitzq\Czcoxdz-781\,,22,
492,Harp Dandelion,,2013/02/03,\Jvifcvn\Qqfhiyc\data\Pwdgela\Zjdrgkx-353\,94,,
493,Awl-leaf Pearlwort,,2013/10/26,\Ncyzmyw\Kpwdhpc\data\Gwhaugo\Xfajpzm-496\,,25,
494,Umbrella Bulrush,,2020/05/02,\Wbtmruv\Twyiyqr\data\Azwpbyd\Mfiqhyl-376\,,,42 dpi
495,Blackspore Oakfern,"Phasellus sit amet erat. Nulla tempus. Vivamus in felis eu sapien cursus vestibulum.

Proin eu mi. Nulla ac enim. In tempor, turpis nec euismod scelerisque, quam turpis adipiscing lorem, vitae mattis nibh ligula nec sem.

Duis aliquam convallis nunc. Proin at turpis a pede posuere nonummy. Integer non velit.",2015/07/20,\Jbwkuwb\Oqcamym\data\Iwahrhy\Cuexhsr-114\,14,,
496,Canada Wildrye,,2016/03/07,\Qpkqlio\Aregfcw\data\Pgnqerz\Zpnnkqz-144\,275,,
497,Obliqueleaf Trumpets,,2014/03/26,\Grxzfek\Hutqbka\data\Zcafbid\Fqznhwl-279\,,5,
498,Pale Blue-eyed Grass,,2016/04/20,\Qedkfbc\Abaqiol\data\Ekpkhce\Syythrg-574\,,,621 dpi
499,Sphagnum,,2012/05/31,\Bjqhpto\Bhknewj\data\Nhomdkt\Tplpmjy-177\,323,,
500,Basketgrass,,2013/08/08,\Hoeyvzv\Diptzgk\data\Ghjfkgz\Lfrmpuw-273\,,21,
501,Tall Ladies'-tresses,,2011/10/22,\Bfosefh\Qwnjmso\data\Lzblink\Kpeykof-661\,206,,
502,California Compassplant,,2010/05/13,\Dbdntyo\Hogibti\data\Qfsfqfo\Akoktfz-062\,87,,
503,Schott's Century Plant,,2020/03/04,\Utwqcen\Sclyzea\data\Ounztih\Cvibwsb-203\,,20,
504,Handsome Beardtongue,,2017/06/30,\Fhwuyys\Dwepccf\data\Afexixh\Obqzqgb-419\,,,190 dpi
505,Cutleaf Coneflower,,2016/03/30,\Zbuqqvd\Mxsbcqz\data\Mchwlix\Xswljxl-386\,202,,
506,Dwarf Western Rosinweed,,2014/03/13,\Lmrgoor\Fyyxptj\data\Mfxvcci\Yykyler-233\,303,,
507,Entodon Moss,,2016/09/18,\Ejyjcsr\Afkixqg\data\Gueyzcv\Qmhisnj-938\,,,89 dpi
508,Purdy's Fritillary,,2014/09/20,\Gxiwhkm\Rnhdhxo\data\Grfjllf\Jzfvxji-790\,,,611 dpi
509,Buryseed Umbrellagrass,,2017/12/01,\Mbdfadr\Qmrsqlw\data\Gweismj\Vszfszd-934\,120,,
510,Swamp-oak,,2011/11/13,\Kamnpij\Kqhhizh\data\Dmmzgan\Thacfco-408\,249,,
511,Moringa,,2012/07/27,\Lxvfryw\Ophydqi\data\Fgdajty\Qpepxfj-208\,120,,
512,Pineland Rayless Goldenrod,Duis aliquam convallis nunc. Proin at turpis a pede posuere nonummy. Integer non velit.,2010/11/12,\Zkygkkl\Lgkjvvi\data\Bpnuqsc\Ubmjdwj-077\,188,,
513,Sage,,2011/11/12,\Hshdwfg\Nswahtj\data\Gjerakn\Sjwucxg-896\,118,,
514,Koko,,2012/04/04,\Zarepmx\Jjhzyqg\data\Pvfxfja\Lqbncdf-450\,155,,
515,Mojave Woolly Sunflower,,2015/06/16,\Srktnks\Wfplmji\data\Juxcbqs\Bzdykff-239\,,,161 dpi
516,Arthothelium Lichen,,2009/12/29,\Lmerviu\Oqairwj\data\Epkxzvb\Pxwimrm-319\,,14,
517,Smooth Oxeye,,2010/10/18,\Qdtzhdn\Chfaykp\data\Mpwzfuv\Znylsjo-519\,110,,
518,Cardinalflower,,2016/04/29,\Tyeywnt\Ptdoyyv\data\Eapakty\Heiyijr-052\,94,,
519,Oahu Pilo Kea,,2013/02/09,\Cujvykm\Zgwzoom\data\Ovgakoo\Esvjqtt-659\,267,,
520,Field Sagewort,,2018/11/14,\Cibmlpa\Dzpacvk\data\Efqgxsg\Othcsao-409\,56,,
521,Oxford Orange Lichen,,2018/11/24,\Vjyfcsq\Pnwadef\data\Evcelrl\Sxfdyrm-133\,,,14 dpi
522,Chinese Rhubarb,,2016/06/06,\Esamvfh\Drwthvn\data\Yukcdwt\Sddipua-603\,55,,
523,Dot Lichen,,2015/05/05,\Tgfznub\Nmbfome\data\Zbkfhsg\Gqnxhvg-466\,166,,
524,Purple Amole,,2016/06/27,\Zcwosmw\Sgfcswi\data\Hevojjt\Qkltqou-876\,37,,
525,Weber's Xanthoparmelia Lichen,,2010/11/01,\Dcpnjfd\Nbzgfkj\data\Lsmgjsf\Qrghfof-468\,89,,
526,Plains Reedgrass,,2013/02/20,\Uveliza\Intzntf\data\Wjbrkiv\Fyffzyn-979\,,23,
527,Shale Barren Buckwheat,,2018/09/29,\Tnyrzgj\Ujojmki\data\Cwsowjh\Ltfqpja-704\,,14,
528,Grimmia Dry Rock Moss,,2017/06/12,\Pvrzgim\Wxjvbgp\data\Hcgqoyq\Tpxbmkw-487\,,,047 dpi
529,Pringle's Lipfern,,2014/01/06,\Pfkzzat\Bbdvwxg\data\Zrtxjhz\Hktrjcs-193\,136,,
530,Maclean's Goldenweed,,2010/01/27,\Dohqecl\Dspkcou\data\Arwamwe\Qkwqbeh-598\,,,369 dpi
531,Pseudocrossidium Moss,,2010/01/04,\Gxmbbih\Swjhfvd\data\Fnpiizn\Tijnsmf-981\,38,,
532,Big Deervetch,,2018/12/01,\Rtvturk\Ousmkuh\data\Rstnglc\Dkaxhom-337\,,,26 dpi
533,Neon's Orange Lichen,,2016/02/17,\Nhqfqpo\Ukpjprb\data\Qbwrxdy\Olptwzf-944\,18,,
534,Swamp Cottonwood,,2010/01/05,\Jeeusgc\Emddrtm\data\Gfzpdvf\Acdcyrp-448\,,8,
535,Obtuseleaf Fissidens Moss,,2012/12/29,\Orohdqk\Cqtaoiz\data\Coepsjs\Dxlsrwd-880\,,,03 dpi
536,Mauritia,,2011/11/06,\Ixyhqlh\Nhzxytz\data\Qothfmm\Ffyrche-503\,129,,
537,Cisco Milkvetch,,2015/03/06,\Uwrumtj\Vhoilcv\data\Iqdapqw\Ltmfprg-872\,,,35 dpi
538,Hyperphyscia Lichen,,2011/04/18,\Auvmwou\Hiyxvca\data\Oymypwp\Vwfrpsv-314\,,,44 dpi
539,Charleston Peak Mousetail,,2013/01/17,\Hlprjvn\Myrrvjy\data\Vhzwwen\Lhladog-218\,260,,
540,Jones' Beardtongue,,2013/09/15,\Hkvduvj\Pdldrnz\data\Ctsmwyz\Fslcvgz-600\,85,,
541,Leptarrhena,,2015/11/27,\Cxoritw\Jyydaef\data\Mfdpckr\Uhckphm-566\,309,,
542,Mojave Sage,,2011/05/07,\Zgfrvvt\Lhqeolh\data\Cskoauk\Wcsokie-194\,,14,
543,Downy Ragged Goldenrod,,2016/08/12,\Aoximey\Aqatknm\data\Wenedvo\Jkqruzd-409\,,20,
544,Littleleaf Bush Penstemon,,2016/05/22,\Wmwuutm\Argnldx\data\Pkzbojv\Tatkven-201\,,,966 dpi
545,Athel Tamarisk,,2020/07/06,\Ozqqjox\Uxthpdx\data\Gtpyvwg\Gzfiydf-616\,,5,
546,Caribbean Canna,,2014/05/05,\Zevmthr\Cfhcfhe\data\Ehwfmsz\Ungvpcf-341\,166,,
547,Sedge,,2011/02/08,\Pmrmofv\Fexjcch\data\Amgybwz\Wqqihnq-920\,,,46 dpi
548,Diffuse Dot Lichen,,2017/02/18,\Gljbcla\Qcpggtz\data\Vxrmzhm\Uaejund-834\,,,985 dpi
549,Hairless Fleabane,,2013/05/09,\Wldvord\Mshmixu\data\Djmwxta\Krcirkj-071\,157,,
550,Matayba,,2011/12/25,\Dwrzuyl\Egxtlsy\data\Ztkufba\Ylasbvc-613\,,24,
551,Epilichen Lichen,,2014/11/21,\Kcbonlf\Vtlovml\data\Xaundue\Tknabsj-139\,,,30 dpi
552,Manchurian Honeysuckle,,2011/10/27,\Vwbjtup\Nmarntw\data\Xifzueg\Tchdbre-973\,238,,
553,Utah Rim Lichen,,2019/12/18,\Qopqzno\Duunpvu\data\Gfpcgkl\Oszcxby-924\,27,,
554,Orange Bush Monkeyflower,,2011/07/20,\Qgpbcxp\Nqvaftq\data\Znwwiec\Glxttou-282\,,,39 dpi
555,Yam,,2017/01/14,\Ysoljvp\Ygtwcfn\data\Pvwudid\Oiwtygn-107\,,15,
556,Ditrichum Moss,,2011/10/27,\Vllqtat\Hycdlwc\data\Xqgzfau\Mpusbfo-979\,,14,
557,African Signalgrass,,2014/08/01,\Siiurjl\Fslsgsq\data\Zxytwlv\Bnrqliw-064\,,,613 dpi
558,Parry's Rabbitbrush,,2019/06/05,\Ujsgkyj\Cqnkqtv\data\Esocaiy\Ottatln-889\,65,,
559,Toddy Palm,,2019/01/26,\Laqozsd\Vxeeajm\data\Ejfeahx\Ftghuth-825\,,,18 dpi
560,Thelignya Lichen,,2009/11/21,\Gyxkdwn\Odhdcjx\data\Zfcgsnz\Yjqgvfr-778\,,,15 dpi
561,Sandyseed Clammyweed,,2011/11/09,\Rsofiei\Ywgvnpp\data\Vddiivw\Zqzotbt-745\,117,,
562,Kidney Lichen,,2016/12/29,\Bykihwo\Utlteik\data\Tiapbsu\Xivbjlo-044\,130,,
563,Yellow Bloodstain Lichen,,2013/08/12,\Glrysmn\Zzdrqzs\data\Vyoxmbx\Flmckcd-509\,26,,
564,Canela,,2010/10/20,\Qmqqvdl\Fjuhgem\data\Svfafjm\Allhrfn-385\,233,,
565,Matilija Poppy,,2016/12/01,\Nnmwnyz\Xkljngp\data\Kmbaxrx\Ngdwdgi-615\,,,023 dpi
566,Annual Muhly,,2019/11/07,\Mdrjqxh\Dvzdggk\data\Xlmbtvv\Xmrznaf-837\,70,,
567,Dimple Lichen,,2015/06/30,\Gzjzkvi\Ngzawty\data\Oyuqlxu\Pvgecce-566\,,,698 dpi
568,Robin Runaway,,2017/03/28,\Ijgqace\Nqyyxkz\data\Gzbfcjg\Imfgxgm-430\,,,199 dpi
569,Tall Morning-glory,,2013/12/01,\Rfhurym\Dlocosb\data\Ifakumu\Wlessmm-026\,,19,
570,Sierra Pea,,2020/07/03,\Qrcrioe\Dahaiqp\data\Vbiiudt\Vuupzev-650\,351,,
571,Nye Gilia,,2015/11/03,\Ktzotwr\Giipalh\data\Winyezb\Yrcuqwf-557\,67,,
572,Oneflower Kelseya,,2020/03/07,\Lfriobe\Agxtqio\data\Octuxis\Ubuwtmk-272\,62,,
573,Toiyabe Buckwheat,,2016/01/21,\Gauzatz\Athnqyv\data\Mvgwski\Pykrwkc-273\,158,,
574,Rabbit Ear Rockcress,,2010/06/29,\Nhwywim\Hbozewb\data\Nkurkhd\Lmianqb-204\,,,978 dpi
575,Scabland Sagebrush,,2011/03/07,\Svefczb\Xvojcoh\data\Njiwqmp\Bcdkphy-506\,4,,
576,Sticky Sandspurry,,2012/07/28,\Pmrleah\Qlxufep\data\Xthshqs\Ezvkrjq-869\,,9,
577,European Cranberrybush,,2011/02/09,\Fzbcvyr\Iytlgyb\data\Uavvkeu\Oamxsuu-276\,143,,
578,Dwarf Mountain Lupine,,2017/07/03,\Dzznngi\Kflfavy\data\Thhajgt\Xevjufo-909\,91,,
579,Cedar Rosette Grass,,2011/07/10,\Akcmkmq\Nnryqkl\data\Wzosbcm\Lkzztqm-317\,235,,
580,Shredding Suncup,,2017/03/21,\Samknei\Ezcdsbm\data\Xflyezs\Vqgakfn-900\,,,11 dpi
581,Bory's Cup Lichen,,2016/10/13,\Qkoowam\Hrjvebk\data\Kvtwmhk\Aqbpufy-264\,,10,
582,Brome,,2014/12/21,\Fxksend\Pzubgmy\data\Kpdbyzq\Whyzdtz-543\,,5,
583,Jimsonweed,,2013/11/02,\Ocahecc\Vygpuea\data\Edcxfag\Mafzuio-115\,,8,
584,Great Plains Bladderpod,,2017/09/23,\Thnjgls\Cbdievk\data\Csxhups\Hntgauj-538\,,,25 dpi
585,Silver Tussock,,2013/10/18,\Khnxldz\Bzxeyoy\data\Hcmzmdm\Jgomalb-738\,,8,
586,Freckled Milkvetch,,2012/04/20,\Ozbmofw\Oeofgcy\data\Fbdbrig\Wvleecr-788\,326,,
587,Ribbon Fern,,2015/10/12,\Usgnhkl\Ukbzudv\data\Looryva\Jkorjyx-962\,78,,
588,Nodding Buckwheat,,2011/02/08,\Mhfbnbj\Ithawqh\data\Guiogaz\Ddnqnyf-179\,,,686 dpi
589,Prickly Hound's Tongue,,2013/03/01,\Qqebfcf\Tccswba\data\Ykexevw\Askuuey-364\,,4,
590,Leach's Triteleia,,2013/01/09,\Essdnna\Ompfpko\data\Fjhddjl\Udrnkkr-635\,,,349 dpi
591,Calder's Bladderpod,,2014/06/28,\Brfppnp\Bbbvdda\data\Qzotbpr\Yjradca-666\,99,,
592,Pineland Rayless Goldenrod,,2014/11/08,\Ljiwefv\Hdxjaes\data\Wmmdggw\Qmioifi-297\,125,,
593,Port Jackson Fig,,2011/03/27,\Kqwhbdc\Lzurnih\data\Rsnyrgb\Swusmqg-398\,,,405 dpi
594,False Spiraea,,2015/04/06,\Bnmlfyh\Tmctzqx\data\Wjukago\Fshlyvh-583\,,,918 dpi
595,Donrichard Moss,,2014/05/28,\Bctrlqg\Ffzlgdn\data\Btcmxre\Ohrnfnv-223\,332,,
596,Geyer's Sandmat,,2019/07/05,\Mjlchtf\Lnuvevm\data\Bsuwmne\Nfotmol-573\,98,,
597,Lone Fleabane,,2012/10/05,\Gmbrniu\Vtlfyqf\data\Ttnyyyj\Ydbasps-742\,,21,
598,Devil's Bite,,2018/08/02,\Dfihjzh\Cmbuwuj\data\Vervbci\Ukoaunn-796\,194,,
599,Desert Grass,,2018/02/16,\Itgnaje\Pzrfbhb\data\Wcsuzul\Tgwbseh-528\,13,,
600,Buddlejaleaf Viburnum,,2017/01/15,\Qchiovy\Xztlbgk\data\Zfstgqh\Hqgldhg-595\,212,,
601,Sandstede's Reindeer Lichen,,2011/03/04,\Ixbtqiz\Sposriw\data\Vqvtlvw\Zvyavxp-081\,,7,
602,Hybrid Locust,,2010/08/30,\Cmndvdk\Sdoqccy\data\Jrykalj\Jfvotqh-907\,354,,
603,Strangulate Orthotrichum Moss,,2019/11/29,\Sksyyma\Khbtyrm\data\Uptyevc\Jorkqzb-215\,,23,
604,Spotted Pondweed,,2019/02/05,\Iyblzwv\Spddnhk\data\Ggckcep\Hrnaebh-742\,304,,
605,Liana Fragante,,2019/07/24,\Rufxzkv\Fssgrgv\data\Esqmtoh\Zpfvwth-447\,,,398 dpi
606,Key West Threeawn,,2017/04/21,\Mltwhpy\Qdnlchi\data\Aayewlk\Luabxri-313\,,12,
607,False Broomweed,,2017/04/24,\Lydbjgp\Nbzwotc\data\Bnwibuw\Gjrsqyo-407\,43,,
608,Sierra False Mannagrass,,2010/06/24,\Rdgqnug\Ednkust\data\Qwtgodj\Eyluipd-757\,87,,
609,Fineleaf Hymenopappus,,2012/08/10,\Onuffqk\Feenacv\data\Hzsqkip\Vwjcqyt-980\,225,,
610,Chinese Photinia,,2015/10/02,\Pvzcfgp\Hbgcwzd\data\Wsdgfbq\Wtyhzao-634\,136,,
611,Creutzfeldt's Cryptantha,,2019/09/24,\Xuipqyy\Ycdgieb\data\Cifpdld\Gbtvjgf-689\,,5,
612,Grassleaf Springbeauty,,2015/09/01,\Yopjjnr\Hdmslco\data\Kuofppr\Hljyykg-057\,,,65 dpi
613,Mt. Lassen Fleabane,,2015/05/23,\Whztcka\Xgmlomr\data\Pxrvrxc\Hkdwsje-350\,39,,
614,Davidson's Sage,,2018/01/23,\Ypjxjvr\Pspsgdt\data\Snyxlja\Hcsejtg-516\,,,007 dpi
615,Rubber Tree,,2011/04/25,\Vlzqilx\Mgszede\data\Zbkuumb\Ofiblie-066\,,24,
616,Curvepod Yellowcress,,2017/05/03,\Ijchycb\Tttlaic\data\Pjqomxh\Rrzknoz-286\,241,,
617,Racodium Lichen,,2010/06/02,\Tsepzjc\Wviggfx\data\Gtdjtob\Jaxicxe-061\,,,277 dpi
618,Chamisso Arnica,,2014/10/24,\Cedqsch\Ixjzvzp\data\Womzwwh\Cjgcttd-414\,,,77 dpi
619,Chapman's Senna,,2018/01/20,\Wptblqj\Wunarqn\data\Wlmvpzb\Kyfdons-614\,,5,
620,Melaspilea Lichen,,2009/12/10,\Wyfgmpz\Ovvgmna\data\Jnlcrqw\Gxvlbpg-038\,,,245 dpi
621,Pylaisiella Moss,,2015/08/02,\Shyopvf\Hqxqudw\data\Pjmprrh\Cgoubly-459\,,7,
622,Lacefern,,2010/02/25,\Seevjem\Dtuiecw\data\Lipupxp\Kpevexi-329\,324,,
623,Southern Mountain Buckwheat,,2011/08/14,\Eothmes\Szmsmcm\data\Mylcwjk\Jdvslkg-724\,,4,
624,Pussywillow Jessamine,,2015/03/04,\Fbhjumk\Ksqxmez\data\Biypspb\Rhvudaz-385\,,,325 dpi
625,Gulf Indian Breadroot,,2019/09/07,\Wlryqeg\Jzhsksa\data\Mxgsguv\Itvujmf-085\,,8,
626,Spotted African Cornlily,,2012/12/02,\Wuwuskk\Kksgven\data\Azbrufq\Itmyrov-369\,,,99 dpi
627,Caterpillars,,2014/12/24,\Hoektfp\Bkatknq\data\Gjqawzp\Rqzpsga-416\,,19,
628,Hawkbit,,2016/11/27,\Nvbuzih\Tzolsjy\data\Ofafccq\Hwoznkg-438\,,8,
629,Tube Lichen,,2020/05/06,\Epoyboy\Nrwkfkp\data\Gjisqaz\Osaairv-176\,132,,
630,Viburnum,,2010/01/02,\Mrtbhyf\Sinrrig\data\Avfmtqo\Csluhkr-831\,,14,
631,Yam,,2010/04/25,\Fqdrjlg\Eeyogcf\data\Rbrbijx\Yudpspf-512\,179,,
632,Lobelia,,2019/11/21,\Xpoptnq\Gpemizj\data\Gxpyvlv\Nzvawlg-365\,,10,
633,European Heliotrope,,2014/06/16,\Iuhnwzf\Hsdrqqp\data\Mprktcy\Jcfcpjo-687\,,25,
634,Eared Coneflower,,2012/07/07,\Hdqckar\Vvbcugy\data\Rrvchya\Vlprpby-632\,,,62 dpi
635,Peacock Orchid,,2017/02/19,\Jpkrskc\Itxgeok\data\Lelfllk\Mjtgyfl-253\,235,,
636,Latin American Crowngrass,,2020/02/24,\Gvpxrab\Fxvmkft\data\Dtuiicc\Patfwrf-384\,,15,
637,Catillaria Lichen,,2011/01/07,\Uecsgtc\Jgdvkud\data\Ngthlcj\Xdlraau-820\,227,,
638,Fountaingrass,,2012/03/13,\Blawueq\Avalsil\data\Uekmcit\Ppgnwxj-726\,,15,
639,Griffin's Bellflower,,2016/12/05,\Tykbrzd\Gibyszp\data\Gwzlltk\Inuwaih-799\,,,57 dpi
640,Capitaneja,,2020/01/06,\Jjestoi\Exretme\data\Tstdvrf\Gjxbwmt-131\,27,,
641,Ring Muhly,,2014/06/15,\Jnapibv\Cduoxdu\data\Vdsslmd\Fyxcrih-745\,346,,
642,Slenderstem Lessingia,,2016/08/26,\Bylodxx\Saywdem\data\Jzkhnrp\Unignwl-410\,,21,
643,Havard's Gumweed,,2014/08/13,\Fbxcfnu\Tydeqyq\data\Brmopyt\Sucfmnn-417\,243,,
644,Utah Desertparsley,,2014/03/31,\Thtxifx\Bhhweau\data\Mtiaese\Nfxxdkp-393\,,,42 dpi
645,Harlequin Glorybower,,2011/11/23,\Nlalldr\Cryqjtt\data\Sbscfnw\Unkbwxi-362\,,23,
646,Graves' Blackberry,,2014/11/15,\Ncxzcjo\Pgvynwi\data\Kydztns\Yryrane-807\,287,,
647,Mother Lode Yampah,,2014/09/08,\Ckykkdt\Qixocdg\data\Eiysxam\Evnpjep-241\,,7,
648,Autumn Olive,,2013/03/25,\Qmgpdjl\Mexbuhf\data\Oupwrar\Nzomifq-418\,115,,
649,Sedge,,2018/12/26,\Zpjdfht\Elvxsda\data\Uwrevoq\Zyqhayv-210\,133,,
650,Pseudoleskea Moss,,2011/05/08,\Hdxpjah\Kgdyhle\data\Eceinoi\Olsscnu-549\,,6,
651,St. Peterswort,,2011/11/03,\Qpeehxa\Peugdoe\data\Oxrybup\Hlwnjpt-349\,,15,
652,Saltmarsh Baccharis,,2010/12/24,\Univqzb\Wrbqvoo\data\Wfonwpf\Yifnbrm-435\,,19,
653,Eastern Cottonwood,,2018/09/28,\Duizypq\Jqwleob\data\Nxinauq\Rbknoee-191\,,,819 dpi
654,Common Lilac,,2018/04/24,\Jvvqiwr\Qejszby\data\Untifcx\Jrkqthe-304\,294,,
655,Northern Fescue,,2012/10/09,\Jkndncr\Dzumjxl\data\Odiuimu\Dzvozki-976\,,15,
656,European Searocket,,2013/10/10,\Xrrqycu\Ppcvowj\data\Bcfheoa\Erhimhq-812\,,19,
657,Showy Balloonvine,,2017/04/28,\Fubgsyj\Ojcexeq\data\Mbqrjis\Tiyikaf-954\,,,23 dpi
658,Mother Lode Yampah,,2013/01/11,\Tspryer\Qqnwduz\data\Rtbljxb\Wktrigv-681\,,9,
659,Tennessee Purple Coneflower,,2015/10/07,\Rhpyfzq\Jinlgdz\data\Mohukcn\Jwrjfzg-847\,,23,
660,Many-stemmed Goldenweed,,2014/04/27,\Yephdhs\Dudcxwb\data\Vsagmvu\Qdtlqmr-214\,168,,
661,Lip Maiden Fern,,2017/04/06,\Jvkdssa\Cioahqa\data\Jnsuadb\Kqfeblj-796\,291,,
662,Chaparral Nightshade,,2017/09/28,\Wsoqgvj\Xmvguma\data\Zwcqsuu\Fujpmwx-960\,,11,
663,Windowbox Woodsorrel,,2014/08/07,\Rnxfnan\Bikhoqz\data\Leekzxp\Ltvyapx-059\,269,,
664,Kern Brodiaea,,2017/06/08,\Vtfktgy\Eioqtzk\data\Bpmcnze\Cjzgbyr-045\,236,,
665,Fernleaved Pedicularis,,2016/08/29,\Uxqsins\Zzwomde\data\Fuqltcv\Afyvvcy-133\,,4,
666,White Waterleaf,,2013/03/28,\Asxmezd\Jjsduan\data\Lqbraav\Znkfufe-574\,,5,
667,Berg's Panicgrass,,2019/11/12,\Jvfqznt\Ltqdpxy\data\Tfndiid\Lisbgmb-559\,281,,
668,British Alkaligrass,,2012/02/10,\Xddmxgf\Nphmouo\data\Yjifwgn\Ggsqujl-049\,,17,
669,Disk Lichen,,2011/01/26,\Xzvcwmm\Lcfiiks\data\Kijsiwf\Yrsfgrq-888\,301,,
670,Mildred's Clarkia,,2017/06/24,\Ejocxct\Zyivkmu\data\Dnyggya\Czwmrzb-774\,,,237 dpi
671,Sierra Valley Mousetail,,2011/12/16,\Xjsmdwx\Hnjxfmu\data\Uwgvobr\Mrzknpd-927\,159,,
672,Grand Collomia,,2019/05/19,\Iicxkjt\Kmreoft\data\Nuoadoa\Xacdhqt-102\,,,71 dpi
673,Gisekia,,2014/04/14,\Cfqoknb\Ggmcous\data\Ddkbfmm\Ggaaunn-689\,,6,
674,Aroeira Blanca,,2018/07/06,\Cctiqjv\Hclzbjp\data\Wunbuvx\Muexcgz-245\,288,,
675,Field Anoda,,2020/03/16,\Wrbxtda\Foubfvo\data\Vbepujl\Sllxrzf-467\,,,39 dpi
676,Ted's Lecidea Lichen,,2012/05/26,\Ngmxenh\Bpgxnlz\data\Ewxxzxc\Scctrmk-297\,,,346 dpi
677,West Indian Sumac,,2019/06/09,\Tizckjr\Jcoacmq\data\Eddyxjl\Lbbbglc-882\,275,,
678,Hyssopleaf Hedgenettle,,2012/11/24,\Omaxpzp\Swoyany\data\Cnpdaco\Pciwzrx-246\,226,,
679,Sierra White Fir,,2018/12/16,\Toqldde\Ndirdop\data\Yzfabgz\Jbktjzq-959\,,,453 dpi
680,Roughleaf Rosinweed,,2013/09/30,\Exobdjq\Aamxgoq\data\Toajslr\Shaqxbv-674\,,22,
681,Porter's Sandmat,,2015/12/13,\Qzplpeq\Ufdlaku\data\Tvpnfor\Zexawfd-726\,182,,
682,Cup Lichen,,2020/10/25,\Rklwsqu\Phjldhs\data\Mkvomol\Ucrwzac-463\,232,,
683,Flower Axistree,"Proin eu mi. Nulla ac enim. In tempor, turpis nec euismod scelerisque, quam turpis adipiscing lorem, vitae mattis nibh ligula nec sem.

Duis aliquam convallis nunc. Proin at turpis a pede posuere nonummy. Integer non velit.

Donec diam neque, vestibulum eget, vulputate ut, ultrices vel, augue. Vestibulum ante ipsum primis in faucibus orci luctus et ultrices posuere cubilia Curae; Donec pharetra, magna vestibulum aliquet ultrices, erat tortor sollicitudin mi, sit amet lobortis sapien sapien non mi. Integer ac neque.",2019/08/27,\Dspacho\Gyfgisb\data\Zholwzw\Glvykvr-663\,280,,
684,Cup Lichen,,2011/02/09,\Tvuvyty\Szmnjev\data\Wrpjstz\Jjdcglw-967\,,20,
685,Plumegrass,,2012/12/29,\Bgkrpzi\Vzrjwlr\data\Rkgitbe\Asilkty-680\,,,355 dpi
686,Fuschia Gum,,2020/10/13,\Ebxkdgz\Lgivlhd\data\Fhenwen\Cypdofd-397\,,,42 dpi
687,Varicellaria Lichen,,2016/09/27,\Pmtxmrm\Jwyrcfw\data\Zkeoihu\Ogclvyb-470\,177,,
688,Wirtgen's Bedstraw,,2019/06/20,\Gdaxbwl\Upczbnj\data\Mecsnny\Hivogtp-231\,135,,
689,Urban's Sandmat,,2014/04/10,\Mmnbxhc\Eqmifas\data\Ruopxuc\Hmkgbbu-399\,,22,
690,Hawai'i Yelloweyed Grass,,2012/02/12,\Dgcvutw\Iusvnrw\data\Suqchqz\Dspnytx-325\,,,04 dpi
691,Spoonleaf Peperomia,,2013/01/31,\Drjvxgl\Zjbudwt\data\Hwjirja\Fzyxbng-983\,163,,
692,Seminole False Foxglove,,2015/11/05,\Ijcpxax\Uejwgfz\data\Iadkxph\Aepfjpm-319\,226,,
693,Trampweed,,2012/03/07,\Uuahfqm\Tmwbjrg\data\Zmdjhly\Ieuteph-162\,271,,
694,Lemonyellow Iris,,2013/05/29,\Qebmpbi\Emkdtnm\data\Vrtckac\Dtwosyn-706\,,,30 dpi
695,Indian Sandbur,"Suspendisse potenti. In eleifend quam a odio. In hac habitasse platea dictumst.

Maecenas ut massa quis augue luctus tincidunt. Nulla mollis molestie lorem. Quisque ut erat.

Curabitur gravida nisi at nibh. In hac habitasse platea dictumst. Aliquam augue quam, sollicitudin vitae, consectetuer eget, rutrum at, lorem.",2018/04/03,\Wweedcg\Wdgsvbq\data\Aamdqar\Dvuzokl-445\,,6,
696,Pyrenean Sedge,,2011/10/21,\Yyddcwq\Dqghvbi\data\Jegubfn\Qeydowm-907\,,16,
697,Yellow Spiderflower,,2017/04/24,\Edbkhsi\Dupdryp\data\Tahtbvk\Mmklfow-875\,249,,
698,Yellow Stringybark,,2020/01/31,\Idlozuo\Dwgvudq\data\Vxcyxfb\Mdehkeo-095\,,,836 dpi
699,Mountain Blue Penstemon,,2016/11/05,\Pukyusy\Thogmmn\data\Igizlqn\Pckawcw-200\,209,,
700,Southern Sierra Pincushion,,2012/05/18,\Ymihxhi\Vexlhyo\data\Llxlpcc\Nxbinwa-789\,66,,
701,Addison's Rosette Grass,,2019/07/14,\Qrxsrur\Mipnder\data\Xldhmvd\Tjcghoc-782\,,22,
702,Sierra Pea,,2015/11/11,\Nptfbnp\Tjzbeml\data\Lyfvizh\Roousbb-665\,,,184 dpi
703,Heartleaf Hedgenettle,,2014/07/30,\Eoqrfwd\Bxiyjig\data\Hjmveuz\Zaabguf-526\,,,231 dpi
704,Mat Penstemon,,2018/01/15,\Mxfgeyu\Rezzpzl\data\Bgrxlxj\Nvfpdng-141\,333,,
705,Hoover's Deserttrumpet,,2011/02/24,\Rqkmilc\Myiovzp\data\Sbkqtby\Ghndfix-761\,,,56 dpi
706,Bush Arrowleaf,,2012/01/27,\Cpwbrdf\Ulvbtdu\data\Hgzaexa\Isoffak-063\,44,,
707,Mutis' Flatsedge,,2012/10/07,\Nugtbmo\Phfjuiz\data\Ecvyera\Fywwsqa-801\,84,,
708,American Black Nightshade,,2015/10/20,\Ujszpgv\Fuafjfw\data\Lnycdet\Eazabfq-812\,,16,
709,Ajowan Caraway,,2013/06/15,\Tyiqxgs\Gnlaamq\data\Ithockd\Hdxgyuk-092\,,8,
710,Kaido Crab Apple,,2013/12/28,\Zksldst\Xumkeke\data\Tmaeqhc\Ropnrji-977\,,,110 dpi
711,Trumpetbush,Nullam porttitor lacus at turpis. Donec posuere metus vitae ipsum. Aliquam non mauris.,2019/04/12,\Urqqiuq\Fvsdoxa\data\Cghbfik\Rvojfge-154\,,,757 dpi
712,Martinique Foldwing,,2017/09/06,\Babndpc\Pattgyr\data\Cqlquaa\Egpuuaa-476\,,23,
713,Shortstalk Dewberry,,2017/03/31,\Rtxppkd\Xqiqpwk\data\Dmuhciq\Qkvtedc-533\,88,,
714,Sickletop Lousewort,,2019/09/21,\Qoibtha\Gnhwiro\data\Uzywegx\Spxxjbx-511\,,,56 dpi
715,Marietta Hawthorn,,2010/05/30,\Lufwpec\Ktgkerj\data\Kprwmml\Ybfnotd-895\,347,,
716,Korthal Mistletoe,,2020/10/21,\Bgfneym\Jkczxdz\data\Tqouegj\Quynpng-690\,303,,
717,Rim Lichen,,2020/02/19,\Glbdpkg\Snnrgve\data\Ngbqphu\Guujtyc-459\,71,,
718,Thickleaf Pepperweed,,2020/05/24,\Rkhlbfz\Ijxzdvk\data\Zpjxxgm\Urkucnk-716\,,13,
719,Narrowleaf Goldenaster,,2018/09/28,\Ncnljpq\Xyysxbf\data\Rivebgv\Ferqvgn-221\,,,28 dpi
720,Heartleaf Twistflower,,2015/04/30,\Srfzqko\Zebuxnx\data\Skamjcd\Fviecrw-258\,,,332 dpi
721,Carrotwood,,2020/10/18,\Tylkuik\Jabkjzm\data\Swfnmxw\Oyhqmpn-280\,,,715 dpi
722,Monoa Melicope,,2015/04/22,\Bsqsbno\Qjswbqf\data\Wsvyvkk\Hbomiwr-510\,130,,
723,Kopiko 'ula,,2011/11/23,\Wdhvojf\Iuiuzah\data\Hifobgb\Zebvzme-193\,,24,
724,Cracked Lichen,,2019/11/19,\Lpjozsw\Hsobqky\data\Wvzzznm\Xuhbvjz-761\,177,,
725,Callingcard Vine,,2013/05/31,\Nafswnn\Hoiqmod\data\Khikmev\Arzkewx-021\,274,,
726,Lanceleaf Rattlebox,,2016/08/26,\Urrikzg\Rfnluvx\data\Sdnzuea\Gxjzurk-777\,,,668 dpi
727,Northern Biscuitroot,,2018/09/08,\Qctfzoq\Kkvxplc\data\Vooebif\Dluuwva-243\,,,44 dpi
728,Shortstalk Bristle Fern,,2011/05/28,\Rnvkzat\Godjnfa\data\Tymondp\Rfjqtla-107\,,9,
729,New Mexico Milkvetch,,2015/06/21,\Oejdolz\Gqymomi\data\Dvqupbw\Hsllddc-050\,,,200 dpi
730,Twocrested Milkvetch,"Maecenas tristique, est et tempus semper, est quam pharetra magna, ac consequat metus sapien ut nunc. Vestibulum ante ipsum primis in faucibus orci luctus et ultrices posuere cubilia Curae; Mauris viverra diam vitae quam. Suspendisse potenti.

Nullam porttitor lacus at turpis. Donec posuere metus vitae ipsum. Aliquam non mauris.

Morbi non lectus. Aliquam sit amet diam in magna bibendum imperdiet. Nullam orci pede, venenatis non, sodales sed, tincidunt eu, felis.",2012/10/24,\Rumscob\Vsuhhqw\data\Fbbmnha\Cjmpmni-534\,,9,
731,Beavertail Pricklypear,,2013/06/03,\Iqwefhe\Winojqr\data\Ydxquaj\Ybdwodv-302\,59,,
732,Royal Larkspur,,2012/09/03,\Tlcyatg\Gickldp\data\Qwswfqo\Ykyombf-122\,315,,
733,Drummond's Campion,,2018/08/14,\Huslkfi\Fmjdakp\data\Ayxaraz\Abevizc-032\,,17,
734,Alyssumleaf Phlox,,2012/09/28,\Udgepgg\Hvdfaqw\data\Kbmspvh\Rokhdqw-383\,,17,
735,Boje,,2009/12/08,\Rnwokok\Naqaful\data\Ekhgncs\Wmibfhv-280\,334,,
736,Annual Hairgrass,,2015/11/27,\Nvrtyzw\Socysfz\data\Chwmchx\Iudxsmv-898\,,10,
737,Bill Williams Mountain Giant Hyssop,,2017/11/28,\Adffvcx\Jhaowfh\data\Ovksavp\Dbmxbqf-070\,,10,
738,Triangle Orache,,2010/12/27,\Vltzghj\Wnvsjyp\data\Dsttxsg\Hurxofi-740\,,,662 dpi
739,Blue Ridge Goldenrod,,2011/10/12,\Dusqikh\Lvamdrs\data\Ckywkby\Pmhbmqi-129\,,24,
740,Comarum,,2019/06/20,\Wcjqpja\Eqznjpx\data\Ezllzuj\Xtutuao-865\,200,,
741,Caloncoba,,2020/08/04,\Rqdhmmk\Ltedlwd\data\Brafufr\Xsdmeav-375\,93,,
742,Rigid Didymodon Moss,,2010/08/14,\Vyhdpgy\Krrhgjy\data\Nbwlqmw\Kyvvkqz-220\,300,,
743,Dwarf Four O'clock,,2014/03/21,\Bxsvdjz\Mtgdtjo\data\Tlnpewc\Kwihwbt-816\,,25,
744,South Wales Wattle,,2012/04/30,\Ooqdiva\Bhbblhy\data\Uydueus\Nudhnwd-111\,,,588 dpi
745,Sandwort Daisy Fleabane,,2017/09/19,\Awvpdip\Qoibgsz\data\Cpxyher\Ljlgfbz-622\,91,,
746,Brazilian Bristlegrass,,2017/12/14,\Iwirpfm\Ujlqlyk\data\Sigyuzx\Cdvyuen-682\,,,12 dpi
747,Rim Lichen,,2013/04/14,\Qdjstbk\Babznkj\data\Ygdjdyw\Xjdwkeo-320\,,11,
748,Dwarf Ayenia,,2017/07/28,\Mgvnvdz\Udpvysg\data\Ottpzuk\Bypomko-313\,198,,
749,Palmer's Monardella,,2011/08/30,\Lvaqvnf\Tqhdrks\data\Uyzixuz\Rtzthcd-236\,,9,
750,Bigfruit Evening Primrose,,2016/01/27,\Ivczwfv\Nsogvyg\data\Gbtgbyi\Khqafoi-143\,,,446 dpi
751,Showy Greenbright,,2020/05/14,\Rubulwj\Afxzavo\data\Unvxqvu\Tikpefr-927\,267,,
752,Parry's Sedge,,2011/05/16,\Ceaxmza\Ezhslnf\data\Kmriuym\Fsmsfaf-490\,,,096 dpi
753,Plitt's Wart Lichen,,2009/11/14,\Hjqwiea\Alchyol\data\Oidrklv\Ywtacaz-483\,,4,
754,Panic Liverseed Grass,,2014/06/18,\Esebwji\Ucmnguc\data\Dmjnvtl\Gkoxvbv-759\,,,06 dpi
755,Fiddleleaf Hawksbeard,,2017/05/18,\Nmqoizu\Hkbjgmm\data\Yvpgujh\Fshpiut-091\,,,023 dpi
756,Lechuguilla,,2011/08/25,\Hizydbb\Eersrnq\data\Zfztkzl\Juahhqa-016\,123,,
757,Sand Leek,,2014/02/03,\Fvfneiq\Bnmnntw\data\Uzxrzqx\Mwjduzy-311\,223,,
758,Freycinetia,"Quisque id justo sit amet sapien dignissim vestibulum. Vestibulum ante ipsum primis in faucibus orci luctus et ultrices posuere cubilia Curae; Nulla dapibus dolor vel est. Donec odio justo, sollicitudin ut, suscipit a, feugiat et, eros.",2015/07/26,\Akefkcx\Sunbaed\data\Mbhfahn\Qwfnsjr-630\,19,,
759,Pygmy Manzanita,,2017/10/03,\Qyahamo\Ydygbop\data\Lajcfyf\Gdvkaij-827\,38,,
760,Rhizome Fleabane,,2012/01/10,\Iuxhovg\Balqbwx\data\Iitujnh\Tkbpvzs-410\,,24,
761,Siphoneugena,,2012/04/16,\Ltjumvb\Fcftviv\data\Xjyrlvd\Rvojmbc-326\,,,58 dpi
762,Chickenspike,,2010/07/12,\Fijtudd\Enuaroz\data\Mlqkktt\Iilyris-763\,,,345 dpi
763,Stebbins' Tarweed,,2016/07/24,\Kykpxqe\Ptyfjca\data\Msvgfoh\Vglovsg-688\,,19,
764,Great Basin Fishhook Cactus,,2017/11/30,\Dfbiupe\Fyszjdq\data\Myonlio\Sqdfcrz-789\,13,,
765,Kamchatka Thistle,,2019/10/17,\Rczfxjx\Uuhjjir\data\Cijckaf\Ulyhvyj-568\,,6,
766,Woolly Prairie Clover,,2012/10/24,\Lqgbnmi\Lkefabi\data\Zieccdu\Lbgcxxt-987\,355,,
767,Whorled Rosinweed,,2019/11/24,\Uayxbrp\Czmimno\data\Fitsxfj\Kkrkhwk-010\,,,958 dpi
768,Raymond's Sedge,,2019/11/11,\Krkjpmt\Qpvsmpt\data\Fuzrkid\Qfdzhzb-084\,,,612 dpi
769,Cretan Rockrose,,2015/01/13,\Leyywim\Vctxvmn\data\Osageno\Oxbpoqh-780\,,,598 dpi
770,Virginia Sneezeweed,,2018/11/24,\Mpmjwrt\Bemknqg\data\Lmnepzt\Wmiajxz-042\,,13,
771,American Century Plant,,2011/08/21,\Dvaajhd\Pawckiw\data\Bjihwwx\Zlbjeos-412\,39,,
772,Shafer's Hawthorn,,2016/05/04,\Bpdufwu\Aaiqdgf\data\Gonzwsi\Ykjfsla-080\,,,41 dpi
773,Indian Plum,,2014/07/24,\Ujlfzie\Owqhcnh\data\Crwjdxk\Fqczwsi-560\,,12,
774,Cutleaf Geranium,,2018/02/01,\Szuhuee\Inhxfqr\data\Sgibwhh\Enwhzpn-833\,,4,
775,Weed's Mariposa Lily,,2015/02/21,\Uzrnoad\Vwumjei\data\Qynksri\Blogcjp-067\,355,,
776,Kirk's Landolphia,,2019/03/16,\Ocdfepe\Ilgwlbb\data\Wvabjxt\Ohfkxju-480\,80,,
777,Kidneyleaf Buckwheat,,2015/10/13,\Gwakmbb\Intcpmc\data\Ilucnro\Dgrohyp-366\,168,,
778,Lecania Lichen,,2016/06/29,\Anjoysa\Rupavim\data\Efnhkms\Sneprpm-704\,,,47 dpi
779,Dot Lichen,,2017/08/03,\Iignunc\Ixcvkdl\data\Tozczzs\Llyboip-355\,327,,
780,Orange Mullein,,2017/03/30,\Uapanhe\Eweteca\data\Ughugbb\Qvwdxtv-019\,301,,
781,Bridgotree,,2020/02/11,\Wuqxlnd\Jymvyqh\data\Wtfflmv\Pziqbuw-736\,32,,
782,Geyer's Aster,,2017/08/27,\Rnrjjdi\Jabylll\data\Slvpwap\Faqxhcy-686\,,12,
783,Pore Lichen,,2014/11/11,\Saizdjs\Tiidpzb\data\Pjbrmln\Dfvyrfv-725\,,,378 dpi
784,Chusquea Bamboo,,2017/01/24,\Ybmejmp\Njazqbo\data\Rjskztu\Xgaayrj-032\,43,,
785,Chaparral Dodder,,2015/11/05,\Jnurnxw\Dyqjwag\data\Dgjahye\Tohhics-482\,263,,
786,Heller's Cieneguillo,,2020/07/07,\Zyzxpzh\Jjjrgbj\data\Ynhdhxi\Lmpyuau-459\,,16,
787,Showy Townsend Daisy,,2018/09/11,\Hlmevyg\Osgznxe\data\Pcsugqj\Jbgqxdw-379\,345,,
788,Short's Spreading Chervil,,2018/06/07,\Qztzxyz\Mucinyy\data\Eczrtzo\Jnijiqu-851\,353,,
789,Mottlecah,,2016/06/13,\Fehvjdk\Qylyarm\data\Fldluka\Fdldymv-499\,294,,
790,Hood's Sedge,,2019/08/19,\Dwnokbm\Medytek\data\Rfkhwwf\Wvnmngq-885\,,,22 dpi
791,Royal Rein Orchid,,2012/05/02,\Llfzykm\Yfqcfqj\data\Krolfvt\Oaclxkk-292\,,11,
792,Common Yellow Oxalis,,2011/12/26,\Fpgfjwz\Ssvpdiq\data\Tvtvshw\Yjloiea-214\,40,,
793,Hitchcock's Blue-eyed Grass,,2014/02/28,\Jzrfraj\Ktyukdw\data\Epdrjni\Ptmajrq-379\,59,,
794,Arizona Gumweed,,2019/02/24,\Plebdwe\Umnnmun\data\Linijki\Zqmbllx-347\,,19,
795,Redstem Springbeauty,,2018/03/16,\Byiqjkw\Guxesms\data\Koqylxd\Fgognlp-432\,,9,
796,Small Bugloss,,2019/09/24,\Kdfuacb\Uaqihvq\data\Variocp\Mhuuuwm-941\,,,79 dpi
797,Sand Bittercress,,2016/07/11,\Ieoozrh\Twvjtnl\data\Xlckkab\Vvryebi-213\,265,,
798,Naked Catchfly,,2017/03/20,\Zyxefyo\Cdzrrar\data\Uqvurjv\Khbasjg-303\,170,,
799,Hitchcock's Smooth Woodrush,,2014/12/23,\Rnvvvxg\Mbdkggw\data\Papnapj\Fselzus-330\,,,57 dpi
800,Brewer's Bittercress,,2014/04/29,\Wrlsnus\Gmxgayj\data\Kijhwum\Qjbgyvv-823\,168,,
801,Wright's Golden Saxifrage,,2013/08/21,\Uqwacnu\Jbbuulq\data\Bbjsddr\Ybjjkaf-745\,,,783 dpi
802,Wright's Skullcap,,2017/08/30,\Oyqunwp\Bkjllgl\data\Egpgxmr\Idwnjpm-798\,183,,
803,Estrella De Mar,,2020/07/10,\Wuckmck\Jbpcedu\data\Kpcjrmy\Lgkpxkm-913\,,,760 dpi
804,Stalked Bur Grass,,2018/12/30,\Xsvtnby\Bsyttai\data\Znbcwfs\Vwsfwyy-982\,177,,
805,Drummond's Dropseed,,2011/01/30,\Xsitvua\Hhkuoho\data\Zimhrnv\Plgcnvf-226\,,11,
806,Cartilage Lichen,,2013/09/18,\Cmczfyr\Kfscgzz\data\Saertdx\Chevdds-411\,119,,
807,Resinbush,,2017/04/18,\Qzuqdyl\Dvdpswf\data\Lmjjsex\Hwezhmz-608\,,,98 dpi
808,Shelton's Violet,,2012/01/07,\Bfegqin\Lvcorjy\data\Zvhaqwc\Bktakck-306\,,6,
809,Turpentinebroom,,2015/05/20,\Kinqwza\Qyxczfr\data\Mmkcstj\Kwcojfc-116\,,,31 dpi
810,Sticky Monkeyflower,,2016/09/12,\Rhdoehm\Axaxbtu\data\Kefnqvk\Ozazhbp-117\,330,,
811,Caribbean Burn Nose,,2011/01/11,\Vfxaemh\Yinxofx\data\Uwzelzj\Xqnvlud-224\,282,,
812,Drushel's Wild Petunia,,2018/10/15,\Lycvrit\Agsiwhs\data\Htvahaw\Qnvkuau-321\,,17,
813,Yucca,,2016/08/06,\Lxgbxyu\Sebfmps\data\Hlvdnyi\Fryofyi-459\,,,53 dpi
814,Thymeleaf Speedwell,,2013/10/25,\Bdkmxwj\Netrcyu\data\Lvconaf\Hptthey-190\,311,,
815,Stemless Thistle,,2010/08/03,\Pyazmas\Bsjiggq\data\Rrcccky\Vsyemst-715\,,,58 dpi
816,Stalked Wild Petunia,,2016/12/30,\Pbyanet\Lworafi\data\Zulfthl\Wdwnucc-382\,,19,
817,Florida Keys Blackbead,,2013/12/03,\Qxodbui\Ylthmwt\data\Djchdai\Aicalpb-993\,,8,
818,Stalked Popcornflower,,2012/02/28,\Zugdydz\Lzahhxv\data\Cmshugr\Wkvoqrx-409\,,16,
819,Muttongrass,,2013/07/15,\Jvayggs\Lehfhil\data\Licyztu\Ivjfxvp-057\,,6,
820,Colorado Desert Mistletoe,"Nullam porttitor lacus at turpis. Donec posuere metus vitae ipsum. Aliquam non mauris.

Morbi non lectus. Aliquam sit amet diam in magna bibendum imperdiet. Nullam orci pede, venenatis non, sodales sed, tincidunt eu, felis.

Fusce posuere felis sed lacus. Morbi sem mauris, laoreet ut, rhoncus aliquet, pulvinar sed, nisl. Nunc rhoncus dui vel sem.",2011/12/29,\Lckbvxw\Fzfytpn\data\Emhfitr\Hdtvvmn-902\,41,,
821,Whited's Milkvetch,,2015/07/03,\Xolzxvf\Fguomln\data\Pvxzbjy\Lzuxpoe-566\,130,,
822,California Evening Primrose,,2018/08/22,\Faaysrj\Zmdzizb\data\Kdkoakr\Eerrbio-712\,,,12 dpi
823,Indian Flatsedge,,2017/09/07,\Inkides\Gflpnxj\data\Cnnikso\Jietjbj-843\,,4,
824,Eastern Bluestar,,2020/08/28,\Kckyklm\Qvmvizs\data\Gmwroii\Vbggmui-536\,236,,
825,Meager Pygmydaisy,,2019/06/10,\Oewjkqb\Kduemov\data\Dbhganp\Sjfdrgi-699\,52,,
826,Manena,,2013/08/01,\Lfqgzwl\Btlenut\data\Bxiklkx\Gecaeju-562\,277,,
827,Shell Lichen,,2017/03/27,\Ahvcfde\Hjesssx\data\Sahkkbr\Nfkrsga-673\,117,,
828,Tender Lovegrass,,2012/07/17,\Shyovxd\Aoxlzgb\data\Xclfgpi\Zyufbsw-096\,,7,
829,Valley Lessingia,,2011/09/01,\Zhdlgze\Gvmuxpa\data\Myifhlq\Ulibmtf-521\,,,629 dpi
830,Golden Lipfern,,2015/03/14,\Dsyanso\Icmizpm\data\Biripuw\Auotisp-926\,,17,
831,Gurney's Yucca,,2017/10/18,\Jkjaais\Lutxtfl\data\Nkhyudv\Gmggvyt-113\,,12,
832,Slender Woollyheads,,2016/04/06,\Meljffl\Ngwcmpv\data\Qpvbxjq\Qfnnigg-324\,,14,
833,Broad-leaf Mullein,,2016/09/25,\Octfwqq\Ylumirh\data\Tbfmqsf\Kksekib-973\,219,,
834,Tolmie Star-tulip,,2013/11/15,\Mgchoxi\Gmkxyze\data\Pybyuuo\Ntuerao-954\,339,,
835,Nakedstem Sunray,,2013/09/17,\Ywmnssi\Fhqbnob\data\Rqqkxqk\Rntftrp-961\,,19,
836,Mojave Desertparsley,,2020/01/22,\Zbtipue\Qpmatji\data\Hncrqve\Fxftqxr-117\,,,63 dpi
837,Big Tarweed,,2011/01/30,\Xwhywqr\Vgbdtzh\data\Qecvjdx\Rvxqezi-627\,60,,
838,Plumed Beaksedge,,2018/03/24,\Ldaaaaf\Eqnmank\data\Phthdya\Wvclksj-312\,,,437 dpi
839,Pale Agoseris,,2012/07/19,\Blmxsbf\Zxtvbce\data\Mybakad\Jglbssu-421\,,20,
840,Nootka Lupine,,2020/06/26,\Brgneui\Qsassfi\data\Vxrwuuh\Depsajr-279\,340,,
841,Spoonsepal Spineflower,,2010/07/15,\Sshsqch\Ihqdsvy\data\Lainkui\Xnszmag-245\,198,,
842,Mackenzie's Blue Wildrye,,2020/02/12,\Tvrzebn\Ftpgjng\data\Sxhkuvv\Jzlvpsl-002\,67,,
843,Slimbristle Sandbur,,2014/01/23,\Zrehamo\Ubwxwvo\data\Xocjuma\Yhtmkqz-238\,,4,
844,Straight Bladderpod,,2013/10/28,\Xxzmobp\Jyaobei\data\Ylsgezg\Zenhmcj-718\,,19,
845,Bell-fruit Mallee,,2015/06/07,\Dkqajvw\Akdummt\data\Shmmjis\Uqxqdkp-440\,,14,
846,Silverhair Pineapplegrass,,2017/12/17,\Iibiqaj\Biflwqk\data\Uxerrqh\Wswhxiw-690\,,,718 dpi
847,Elegant Mariposa Lily,,2013/10/07,\Rvejuuy\Hqhjoeb\data\Xozeggv\Lswjbng-762\,,6,
848,False Flax,,2012/06/10,\Owgpmtc\Bnuigmm\data\Ampvwwq\Xqvbgvv-988\,319,,
849,Phylliscum Lichen,,2012/09/22,\Cleoidy\Gbnpiqx\data\Pdjntok\Smiuciu-238\,,7,
850,Dwarf Erythrina,,2011/08/11,\Mlknpyv\Jrmyqxk\data\Ckarugc\Uutetvm-248\,,8,
851,Longstalk Chinchweed,,2012/03/24,\Iowpxta\Yvkrcno\data\Oxjrxwj\Stwzxkw-650\,,11,
852,Bristly Oswego Blackberry,,2012/03/07,\Pufultm\Qgdwdjv\data\Dnkarvs\Fiuveop-419\,,,607 dpi
853,Duchesne Rockcress,,2014/02/19,\Efnihoo\Ihwgdtw\data\Eoxvdvy\Rtzdtxj-900\,,9,
854,Turkish Hazelnut,,2019/07/20,\Ymorclw\Plydnqs\data\Fewlnfs\Bmhnnlh-114\,218,,
855,Sierra Woodrush,,2012/05/01,\Foqjwfn\Aeyfyrr\data\Siakfdm\Fxmgsdp-581\,,11,
856,Rimelia Lichen,,2012/01/21,\Ukoxcqi\Xviewmq\data\Wgoowhm\Frdpocv-598\,,4,
857,Denticulate Cartilage Lichen,,2014/07/12,\Kmepgbh\Uducwrn\data\Wseojvb\Yijkdae-117\,302,,
858,Nightblooming Cereus,,2017/01/25,\Zmdzalh\Ysbrsoh\data\Agwgcdy\Ycxubwg-170\,132,,
859,Sickle Pigeonwings,,2014/04/24,\Jtdpefq\Qwzlrhd\data\Qzrifcz\Otzvcux-577\,,,11 dpi
860,Soft Greeneyes,,2017/01/10,\Jijolyq\Lurmevp\data\Ryvrjfo\Jvudvff-886\,82,,
861,Running-postman,,2013/01/14,\Nnigdok\Wsnnywa\data\Zpfspjg\Qavsmfc-152\,58,,
862,Common Gum Cistus,,2016/07/05,\Dwppsfx\Qvldutu\data\Pydmofg\Xjewoiq-607\,,,84 dpi
863,Xiao Ye Li,,2010/07/14,\Ktjygzl\Lzpcvwu\data\Oafkdof\Kqeixrg-759\,217,,
864,Preuss' Milkvetch,,2016/07/19,\Prunxau\Txzdsse\data\Lqtbxru\Junlztr-726\,,11,
865,Pamoho,,2019/05/10,\Eveupty\Wpxbhih\data\Fenkkjt\Szrpece-999\,,17,
866,Crusty Navel Lichen,,2020/05/16,\Vlyowqv\Umjrazu\data\Numxkcs\Xbfcnqm-960\,,11,
867,Manchurian Crab Apple,,2013/06/23,\Lucwour\Ygjvppx\data\Nkgnvhc\Linzehl-973\,,,45 dpi
868,Robbins' Spikerush,,2012/09/12,\Tjcozcb\Uarwygm\data\Blcveof\Tnjjxos-682\,77,,
869,Dogweed,,2011/04/01,\Yiaevco\Bgqlekn\data\Sapawbc\Tfwpsgn-750\,350,,
870,Starry Bedstraw,,2014/03/31,\Hecfncp\Vnstsfg\data\Wmcftzo\Borsipc-743\,182,,
871,Yosemite Stonecrop,,2010/03/24,\Iaatqcs\Qbnnlko\data\Zjxcraa\Zgithyz-431\,266,,
872,Largeglume Bluegrass,,2018/05/28,\Ceywirv\Wsaiffz\data\Ndbibzk\Xmptxjx-968\,143,,
873,'ena'ena,,2012/01/12,\Jsufqxs\Mnbibqx\data\Xancugj\Wutggxn-356\,135,,
874,Georgia Rockcress,,2018/12/07,\Zrzvmsp\Pzhenob\data\Pkshnqn\Yrtxzei-231\,,15,
875,Butea,,2012/11/03,\Uzxqtkm\Gddaoir\data\Bduymnd\Bgjqetv-845\,,11,
876,Portuguese Daisy,,2011/04/21,\Ipdqxzd\Nknbkwv\data\Qrgvuhb\Fmojedu-384\,143,,
877,Southern Dewberry,,2014/02/01,\Svxcltc\Iffmvvt\data\Zdvdtgw\Sgvxmcg-979\,,19,
878,Sphenostylis,,2019/08/22,\Pjmzwzg\Rubleaz\data\Yguuhrd\Rsufgqg-604\,,23,
879,Crater Lichen,,2013/08/26,\Hpoqtli\Nkkljar\data\Xqimzlw\Ferxkxc-265\,,18,
880,Moco De Pavo,,2018/01/15,\Cqsmstn\Ksgapur\data\Rcgldce\Muuxdsd-214\,349,,
881,Wahlenbergia,,2013/01/09,\Ksbdhdd\Dqmdirl\data\Qcdlsbq\Fsemjgn-755\,10,,
882,Tehama Copper Moss,,2014/10/20,\Uvaltoc\Ouqyoys\data\Ictbmms\Pmjtbdk-845\,,13,
883,Sandhill Amaranth,,2015/06/17,\Lvfnphb\Vqwfcuo\data\Yjpbigl\Tkyinpc-381\,79,,
884,Fort Huachuca Vervain,,2018/10/01,\Iflzuqq\Hrmkwoq\data\Fuiubww\Fitvvbc-755\,,,777 dpi
885,Pseudophoenix,,2020/01/02,\Rqsbimd\Qltqjil\data\Hwmbdov\Cmmiyoa-385\,,10,
886,Common Mouse-ear Chickweed,,2015/10/06,\Qibaeym\Fjiadss\data\Jxqghrr\Fqwcrjl-410\,,,864 dpi
887,Carlquist's Tarweed,,2012/09/06,\Vhowzfw\Bwxrubo\data\Wvewlca\Qxadfsh-747\,,8,
888,Teloschistes Lichen,,2011/11/29,\Niwdyby\Gelaxyh\data\Lakdxvp\Pxdaoqj-400\,270,,
889,Nutrush,,2017/02/14,\Qdttpgf\Ztmbxzk\data\Vdbyvdu\Ntsukkx-356\,,12,
890,Canyon Morning-glory,,2015/03/24,\Wcwlcwp\Kkhyvse\data\Aaeouqc\Nctgcae-037\,192,,
891,Plumleaf Crab Apple,,2016/08/19,\Lunsyin\Myfiyos\data\Fuwbgqn\Nfrumfa-848\,,9,
892,Cup Lichen,,2020/08/01,\Szfujjv\Ytrbmni\data\Sknxsze\Ajixtsf-265\,254,,
893,Distinct Hawthorn,,2019/06/01,\Jnlgmda\Vydiqnv\data\Crwrnbf\Uxdupsy-380\,,19,
894,Coastal Sandmat,,2014/01/31,\Xqxsbot\Isvfhyd\data\Pucoljj\Ynowxek-494\,,,796 dpi
895,Red Bartsia,,2019/05/20,\Tphyhpg\Nnirvpv\data\Mdsaltl\Npzkegw-536\,,11,
896,Bahiagrass,,2012/12/20,\Zyevjkf\Zpzcxja\data\Amipcua\Jyehymr-277\,159,,
897,Pussytoes Eggyolk Lichen,,2012/02/16,\Cxzytju\Tpbxekd\data\Rqeocol\Dtwqyok-615\,346,,
898,Parkland Panicgrass,,2018/06/07,\Snjdqqk\Vjondch\data\Tkkiiwx\Rnoltik-824\,,7,
899,Devil's Shoestring,,2015/06/18,\Jmqbcul\Fyldlzs\data\Fptnbfm\Ogzqsgf-599\,,23,
900,Crystal Springs Lessingia,,2020/01/02,\Udhuqyx\Bwgetyz\data\Udscpqx\Btgikaj-892\,,,757 dpi
901,Bryohaplocladium Moss,,2017/03/10,\Tkkcdkd\Pkciukl\data\Gefqbbb\Pdkflhd-852\,11,,
902,Caracus Wigandia,,2016/02/19,\Uidrfru\Zuolato\data\Uararul\Dfzlplo-023\,,7,
903,Homomallium Moss,,2019/05/27,\Irbkxss\Szzpsex\data\Yqfdbyz\Edjsmue-572\,,,128 dpi
904,Aongstroemia Moss,,2018/10/22,\Mxbthmq\Orxsryc\data\Jhlmbcm\Qiestzu-383\,,,39 dpi
905,Blue-tulip,,2012/01/15,\Mataoon\Jrreriw\data\Uenxhge\Pzzkvwz-780\,,,35 dpi
906,Molokai Sedge,,2019/11/04,\Vhxnmtb\Vnrlkvg\data\Ezthpph\Llwlfxw-129\,221,,
907,Alabama Phlox,,2014/03/29,\Kyywakv\Ijkweer\data\Dvhfxsa\Aqhdgwq-237\,67,,
908,Carolina Sphagnum,,2018/06/01,\Oudfpgo\Ytfvzcr\data\Ufmrvue\Tvabsht-697\,197,,
909,Intermediate Cliffbrake,,2010/04/28,\Psvvgok\Whsqjwo\data\Rzkjkhz\Qazysfd-006\,,11,
910,Limpograss,,2019/02/21,\Ftnnhbe\Tycpuln\data\Kfufacx\Qzifdxk-534\,139,,
911,Sierra Pea,,2010/11/30,\Dyvaeng\Rkjclmm\data\Ulqvkvn\Sudnvrc-372\,,,05 dpi
912,Sonoma Shortawn Foxtail,,2015/09/19,\Efckpfh\Hrslyqh\data\Pysjuxc\Lneznsw-859\,,6,
913,Secund Jewelflower,,2020/03/15,\Qrmptyz\Hkcaszw\data\Zfzmzvt\Oritjbg-492\,155,,
914,Circumpolar Sedge,,2011/02/03,\Hxlkzmh\Lpfofwn\data\Ffpzovh\Evthrsv-996\,,,75 dpi
915,Bugseed,,2019/08/27,\Wykregg\Nayocit\data\Qbkajjr\Tbcundw-426\,,15,
916,Turtleback,,2010/09/01,\Wrlpvac\Njdlbsh\data\Xcwfesw\Hgzylzf-150\,,,555 dpi
917,Bellflower,,2012/07/20,\Zbhgyzf\Nbzufmc\data\Qetbpfi\Nahtvnu-924\,274,,
918,Carolina Leaf-flower,,2014/10/05,\Lhzehry\Udhzrpo\data\Gngudlx\Jptdxfu-950\,209,,
919,Oppositeleaf Lewisia,,2017/03/04,\Zismzzx\Ksblngn\data\Cfeyrds\Mcjhqxm-248\,120,,
920,Southern Oregon Buttercup,,2015/05/20,\Sgdtfct\Nmwdcyo\data\Rutezir\Lymttoo-702\,,11,
921,California Shieldpod,,2016/01/06,\Axpzflh\Isurxvj\data\Sematkt\Mfdomlx-831\,,10,
922,Crisped Bristle Fern,,2011/07/28,\Tbtkknp\Ufpdrhu\data\Tyqotko\Ixgiihz-725\,104,,
923,Fishscale Lichen,,2013/06/03,\Kdofgpk\Hrvzjhb\data\Qhquqhb\Fiaznez-843\,194,,
924,Obtuseleaf Schistidium Moss,,2017/07/10,\Zfrqkly\Ozjvoai\data\Talduod\Jyptaof-045\,71,,
925,Smooth Pricklypoppy,,2011/02/24,\Gcgpquf\Tnuplex\data\Quzvwjz\Xeklfva-670\,78,,
926,Pulvinate Pussytoes,,2019/04/26,\Mywkyrd\Buzcyak\data\Iudkzlk\Gxjtrka-686\,306,,
927,Quinine,,2010/01/14,\Dotjcis\Vdlkuwa\data\Rphphcg\Fxjlvbi-894\,,21,
928,Antilles Filmy Fern,,2018/01/26,\Psmwokp\Lytdzhl\data\Cwnxwro\Frettxf-139\,,,448 dpi
929,Lonomea,,2019/09/16,\Ibiucmd\Ibeclbh\data\Rlbxmyr\Jkwqydm-074\,,,631 dpi
930,Common Sweetleaf,,2011/12/30,\Anqjjgx\Uinxbbv\data\Wtobnwr\Owkbiww-855\,279,,
931,Most Beautiful Jewelflower,,2015/03/06,\Rcmdfwy\Quachbr\data\Elncjco\Mgcwjqj-148\,,23,
932,Soapbush,,2010/02/16,\Vllqnrk\Ilayobd\data\Ktbkxgs\Mohhsqq-540\,,25,
933,Stenocybe Lichen,,2015/08/22,\Yyweuzx\Phgwgoh\data\Epjbzkp\Plgzsex-669\,,,329 dpi
934,Evening Trumpetflower,,2013/10/30,\Hsrtzci\Sfnutxb\data\Mmbfuwu\Ipmsziz-196\,34,,
935,Coville's Groundsmoke,,2019/10/17,\Axlwusg\Roqrqaq\data\Tvtinsz\Gnnzxpz-333\,,,78 dpi
936,Smallflower Baby Blue Eyes,,2010/07/27,\Sovzjyr\Snuymkj\data\Gyjtviw\Bkddtkt-235\,187,,
937,Muhlenberg's Sedge,,2010/03/05,\Etyxgdx\Lzoqdfj\data\Zrcrsss\Kisovcr-117\,,,284 dpi
938,West Indian Tonguefern,,2018/01/05,\Hgqlejc\Verifod\data\Uuulnod\Ckwhdon-925\,,19,
939,Elephant Panicgrass,,2014/02/15,\Ienbmaa\Izpxkkc\data\Cfhozsi\Twyurkb-292\,,,598 dpi
940,Tall Albizia,,2009/12/10,\Dqjaphs\Jekwerp\data\Tmzcirn\Mqcfxpu-899\,75,,
941,Rockwort,,2014/07/05,\Xhgppbd\Urmthwb\data\Oszugch\Ufekxai-804\,,5,
942,Tropical Buttonweed,,2016/12/07,\Agvdutz\Ztlpugb\data\Ssuvxtl\Sqgrljb-127\,,,98 dpi
943,Douglas' Clover,,2011/04/20,\Eqdvqik\Rnhpvfz\data\Fykptar\Ffbabqx-411\,,,83 dpi
944,Jelly Lichen,,2017/11/28,\Faqfjjk\Zbeloqv\data\Ayojxli\Sjhtahj-781\,,,19 dpi
945,Sabinal Prairie Clover,,2013/10/29,\Svsowya\Yfzdzvn\data\Pbqodxe\Uxshpgi-578\,,5,
946,Arctic Bluegrass,,2018/12/24,\Otdwqed\Pgqahbt\data\Wclmjpu\Oelcpmu-973\,238,,
947,Quailbush,,2018/02/21,\Etoffsa\Sgcrvdp\data\Sbcqevm\Xlxpubk-773\,230,,
948,Bulbous Springparsley,,2020/01/29,\Fimicqn\Gwvinwk\data\Eyzxidc\Rlhkpaa-836\,270,,
949,Strigose Sicklegrass,,2017/08/21,\Qpjbgwb\Irxdlbe\data\Xmyrosz\Cbuzoti-628\,320,,
950,Giant Brake,,2010/03/29,\Rqrpgjg\Pjfovoh\data\Zshfvnz\Hqsfzbj-471\,114,,
951,Synandra,,2015/04/07,\Ugnlxsd\Pnsygwz\data\Tuqrzrp\Xvsrgbh-585\,305,,
952,Curvepod Yellowcress,,2018/04/26,\Rfejqdj\Qihgdva\data\Awheble\Dywzhen-646\,,,272 dpi
953,Beggarticks,,2014/05/01,\Zlhildj\Ujpycba\data\Cpehtye\Zadrruh-388\,,,123 dpi
954,Beautiful Sandwort,,2013/09/19,\Tuzzswk\Zodvget\data\Xvltblq\Stmwftr-466\,,,54 dpi
955,Shoreline Figwort,,2011/11/21,\Ljudiny\Bduywor\data\Ldlzauz\Oeopitf-507\,,4,
956,Candytuft,,2016/07/27,\Motrqml\Jvywudh\data\Jmyluny\Ribkdnn-370\,,,028 dpi
957,Fanwort,,2017/12/21,\Tardgnp\Tmsogoh\data\Uqshctp\Pnfmdkm-705\,,12,
958,Prairie Parsley,,2017/03/25,\Vgmbiyv\Yycngvu\data\Kykhkuv\Mosskga-766\,,,17 dpi
959,Dwarf Eelgrass,,2020/09/10,\Yvlzxfg\Hcspeho\data\Jratgfu\Enxvizn-041\,,,590 dpi
960,Muhlenberg's Funaria Moss,,2014/12/28,\Vknktey\Oxkcgnq\data\Gsdhvhz\Hdppnul-873\,53,,
961,False Boneset,,2014/03/02,\Sohrvnj\Crytllz\data\Brwvsji\Syxjczg-670\,,25,
962,Rock's Nehe,,2009/12/13,\Mkgeear\Scmfhky\data\Irnfqxr\Qyiwwfl-309\,,,171 dpi
963,Lilyturf,,2020/02/24,\Lkscxin\Jirnydj\data\Jhfzwrk\Laovywl-760\,327,,
964,Hayfield Tarweed,,2013/05/31,\Ixkahyk\Zeordfu\data\Kimjlpt\Dzlrude-946\,241,,
965,Red Sand Verbena,,2016/03/24,\Xyqoyhl\Shqpmae\data\Lagrgke\Lcmlyrk-589\,180,,
966,Seliger's Herzogiella Moss,,2010/08/17,\Emytrkx\Nsxowgo\data\Ppmxnrp\Xtgrwrd-632\,,,723 dpi
967,Herman's Dwarf Rush,,2011/08/03,\Ymbrpgm\Dcndiei\data\Cyzfxzt\Ohblpvg-681\,,,70 dpi
968,Parmotrema Lichen,,2017/11/05,\Piquyah\Hvgtgzx\data\Gljlkjq\Oqzrotr-726\,,7,
969,Wild Bushbean,,2010/01/14,\Rlebhij\Ebexcxu\data\Ooefqmb\Hrrgwyb-673\,,,092 dpi
970,Nuttall's Saltbush,,2020/02/14,\Skarjzb\Qndakgi\data\Jbvfbuy\Jnbkjyk-536\,,9,
971,Munro's Cyanea,,2018/08/29,\Riycsod\Rkjuxlg\data\Jqxfecf\Tsizhfv-162\,,,87 dpi
972,Fragrant Hempvine,,2015/06/30,\Slbjktq\Gzhhndp\data\Tzxjvxj\Irondtt-808\,198,,
973,Johnson's Blazing Star,"Nullam sit amet turpis elementum ligula vehicula consequat. Morbi a ipsum. Integer a nibh.

In quis justo. Maecenas rhoncus aliquam lacus. Morbi quis tortor id nulla ultrices aliquet.",2010/05/07,\Fcomovs\Athiyyq\data\Efbnkun\Nfrfzcd-170\,,6,
974,Biatora Lichen,,2013/11/11,\Xjrjfjx\Pdqdrhv\data\Wjznqca\Mprhymr-327\,220,,
975,Mountain Sage,,2010/03/09,\Asjpovo\Jgtcypw\data\Padxrbm\Qynkqvl-668\,236,,
976,Manynerve Catchfly,,2018/07/04,\Tbynpai\Tcrdhtl\data\Lszdkhm\Vewmlwt-586\,306,,
977,Marubio,,2013/05/16,\Dvwkekm\Okdvpit\data\Wvtqldj\Fdrxuqc-457\,104,,
978,Maui Cyrtandra,,2013/06/23,\Dtkebkq\Qqldtvv\data\Ehiwwob\Jhexgsb-331\,,6,
979,Coral Greenbrier,,2018/04/18,\Klchwic\Vaielrr\data\Mtwkorr\Oelroav-521\,172,,
980,California Buttercup,,2014/11/10,\Lnxwtwz\Mgmardi\data\Kjgvvls\Nydwvqb-154\,,12,
981,Green-winged Orchid,,2012/05/22,\Qevawko\Glssaay\data\Tcayitv\Tpblkmg-622\,,,67 dpi
982,Mesamint,,2016/09/01,\Alluneq\Hpkcxwf\data\Ietsmxk\Ydvehlc-899\,341,,
983,Peruvian Zinnia,,2017/10/18,\Nfrkoqd\Hduusjl\data\Fgmitrt\Otygnub-066\,,15,
984,Toothed Skin Lichen,,2012/12/29,\Fzzvthb\Xjqjwhp\data\Dvujrjm\Tsedeyq-876\,,8,
985,Mertens' Sedge,,2013/06/04,\Uhrvutr\Ksyqtxu\data\Yobfknv\Cehansp-796\,,,11 dpi
986,Missouri River Willow,,2013/03/25,\Pulhxrz\Gmgqpnf\data\Podgjax\Holsest-684\,101,,
987,San Nicholas Biscuitroot,,2020/02/23,\Liuwjrd\Rsqxqte\data\Xjaxqzw\Fgxurfr-754\,,,22 dpi
988,Heller's Draba,,2012/09/03,\Vcwnzcj\Quouniv\data\Dylddxh\Wlpesim-766\,114,,
989,Ophiopogon,,2015/01/06,\Ptnggsx\Kemiswx\data\Plpyqce\Iiqbeji-026\,,,94 dpi
990,Whorled Milkwort,,2020/09/12,\Kningqb\Zxcnxyf\data\Ypagrym\Jxdwfcd-119\,,22,
991,Hole-in-the-sand Plant,,2016/06/13,\Uwntdwk\Mobbqui\data\Xdhpilg\Doswbpr-464\,95,,
992,Reverchon's Blazingstar,,2017/12/05,\Exxizgp\Yshkdlc\data\Yxnccne\Gqjclue-400\,9,,
993,Shinyleaf Meadowsweet,,2017/09/23,\Awpcjpf\Ntqakcl\data\Otvpmdu\Gpbvung-440\,,5,
994,Leafy Rockdaisy,,2013/03/08,\Pisqyen\Kdwcmvr\data\Bbnuwmj\Witfsmm-011\,190,,
995,Merrill's Rim Lichen,,2013/03/28,\Bnrfxfa\Anlnadi\data\Giyeeis\Zhpoutq-901\,,,18 dpi
996,California Sweetgrass,,2014/03/14,\Fsocqmx\Kjgsopm\data\Qaststq\Zqwegxg-242\,,6,
997,Wavyleaf Indian Paintbrush,,2013/09/19,\Gegulna\Twqvbyu\data\Lpponiu\Qyrllgg-852\,241,,
998,Inyo Frasera,,2012/08/13,\Dutvceh\Ffrkssl\data\Pzgmgnn\Zqqnfvq-686\,115,,
999,Carolina Foxtail,,2016/10/28,\Zromntu\Qxutvsk\data\Wpmcfkn\Iuqdzsn-328\,,,68 dpi
1000,Showy Sunflower,,2017/01/21,\Sqeybhu\Fulrryx\data\Hnyooia\Vvvslpz-814\,,10,
